,ID,Average_Score_Difference,Average_Country_Score,Total_Task_Lengths
0,1686755036370945,0.5087922343459775,0.6275862068965519,193.9033763659027
1,1741913197768705,0.5854685363565741,0.6448275862068965,206.6435773905409
2,1743415203890193,0.5495970793612941,0.9724137931034482,178.8725933145691
3,1710346282427393,0.5398985924286768,0.6107142857142858,195.8570500110626
4,1693678171087873,0.5258454012083714,0.6379310344827587,207.80779336303274
5,1694041901312002,0.5844975725689829,0.710344827586207,181.07429587087802
6,1710346245842945,0.562906765380079,0.5896551724137932,212.5275515532259
7,5090932,0.6280674726198299,0.9249999999999999,173.39351597016375
8,1737654173573122,0.5098892569403197,0.6862068965517241,188.87955677296034
9,1752804614390817,0.559604744368312,0.9310344827586207,194.7057587779375
10,2735217,0.5055673109801259,0.5758620689655174,0.6670032467211929
11,1758321775497234,0.5027842429830961,0.7275862068965517,190.60697823438719
12,8626002,0.5026998418443585,0.9724137931034482,159.8507981756958
13,1732422617628673,0.5079173669917472,0.7465517241379312,187.94208437654862
14,1671850168837125,0.5872716635082837,0.8413793103448275,0.5801636391513063
15,1773654622274561,0.4920259145545263,0.8928571428571429,162.16293825674634
16,8239853,0.5854991984525233,0.9362068965517241,172.3585765075349
17,1735138527102977,0.49828790170351506,0.7655172413793104,168.47116893073368
18,1724471787931649,0.49885180562720566,1.0,162.1843374678005
19,1769227294348322,0.5286324295880047,0.7017241379310345,166.37296759183016
20,1999691,0.5212551754345232,0.9285714285714286,186.0694378365548
21,5377569,0.4962030929299548,0.8448275862068966,191.41828872588928
22,1736487754076162,0.5615441128546562,0.7696428571428573,180.69014434201597
23,1695769015370753,0.5068070381401238,0.9758620689655173,163.23416311570645
24,8902072,0.6629316140705999,0.6,0.7233807929969306
25,8938999,0.691362488770696,0.7892857142857144,0.527020248838112
26,1762779837863938,0.5713634829721552,0.6655172413793105,197.11047275387546
27,1738944494259201,0.5625029976562061,0.7517241379310344,174.08241571380174
28,1729880322678785,0.522428295477811,0.7689655172413796,187.89415016873215
29,5608898,0.600276122822495,0.9155172413793103,180.58572243278203
30,1752289495219201,0.511173885237947,0.9327586206896553,181.11573859923493
31,5799635,0.5067326658493967,0.9034482758620691,182.44790954093367
32,1741279730538497,0.4958103880138578,0.6310344827586207,194.6847208831184
33,1693560602235905,0.5231849269791596,0.6310344827586206,202.1534424610227
34,1736753775507458,0.6128313505030424,0.7413793103448278,195.38946571606778
35,1669724932562950,0.49630116395896867,0.5750000000000001,227.5185100566071
36,1749003786899457,0.6681434944899,0.6275862068965516,0.5741015374012268
37,1771651753636866,0.5079957426959956,0.5413793103448276,197.7716406056673
38,1693539332832322,0.5184379095272934,0.696551724137931,197.2446333556779
39,1750192205585409,0.5065912176956645,0.8827586206896553,149.53730814935756
40,1301929,0.5675752152194199,0.9392857142857142,167.14293106238836
41,1713476001087489,0.5629430904956658,0.6482758620689656,175.1052438114144
42,1736487393897473,0.5754241554064339,0.7620689655172416,187.82877314714074
43,1736353473938434,0.5122352046127465,0.9241379310344826,182.20195046208866
44,1747021185229826,0.5539698750054236,0.9758620689655173,165.37970381808276
45,1736770021242882,0.5096922470526641,0.7,194.15688821872365
46,8831199,0.5292565735790971,0.9642857142857143,158.3219807556317
47,9052960,0.5156970433619732,0.893103448275862,0.5483376049633897
48,1724470454753282,0.570073586128964,1.0,136.82072307199803
49,3172398,0.5468099118962008,0.9071428571428571,177.09081508187975
50,1724922721733634,0.558065953637641,0.756896551724138,168.44428181704924
51,9558788,0.57534856779508,0.8999999999999999,195.34780184305376
52,1768117920687106,0.5665194418002447,0.7142857142857143,0.48534329930631637
53,1752697349807106,0.5124519068333182,0.5607142857142858,204.73892699716814
54,1691852985713666,0.6086732402982085,0.567857142857143,197.0443726273855
55,1770122728378385,0.5261639897931554,0.8137931034482759,199.06023639781228
56,1747095981573122,0.538537737533908,0.9053571428571431,119.21065979047216
57,1726119572275202,0.5049314177019044,0.9120689655172415,181.06073781088045
58,1716223451261954,0.5325580633247298,1.0,171.87708614103633
59,1752791904934914,0.5841101958548535,0.9793103448275862,174.5972542541004
60,7752505,0.6457006799816628,0.9275862068965518,181.66216933152634
61,1703159220924418,0.5709468407688854,0.7310344827586208,201.04103095844093
62,1686664926599170,0.6068725321939725,0.5535714285714286,201.6557802844226
63,1761882871064593,0.6399412284337296,0.6896551724137933,0.5527326287321972
64,1727248549938177,0.5432308159229621,0.6827586206896551,176.04620722683583
65,1703821567576065,0.5054527194662528,0.8827586206896554,178.46460623678104
66,1746474353707041,0.6142209187056831,0.9482758620689655,174.6424345251019
67,1772371860026402,0.5891497381043144,0.9724137931034483,178.77342750217116
68,1714605731150850,0.6057988192899421,0.9310344827586207,0.5968344189640243
69,1736487767198722,0.5664124869589685,0.7568965517241382,187.70014088621934
70,1736487575404546,0.57028345914802,0.7637931034482762,187.99103116572724
71,8035393,0.5359752100918217,0.8258620689655174,201.55824048203925
72,1703396559410178,0.5293103894899025,0.8810344827586208,179.60338199178014
73,1724185616760833,0.5128926479297313,0.9758620689655173,173.32091921402034
74,1724470463815682,0.5596769820598994,0.9758620689655173,169.98750977010724
75,5388029,0.5081424849310957,0.5862068965517241,216.12447497602247
76,1815126,0.5559398451535317,0.9103448275862068,173.40671049496717
77,1649165526729733,0.521452926069674,0.5750000000000001,222.69701185018803
78,1693948493861890,0.6767984849791211,0.5275862068965517,0.6582131991835778
79,1912879,0.5276435311185639,0.5357142857142858,200.85602501623148
80,1695027604731906,0.5572721608128667,0.8285714285714285,133.17811661699466
81,1735138375955458,0.5103748712044959,0.8793103448275862,196.0034360363181
82,1748544247125042,0.566011582557709,0.9172413793103449,195.07549344793915
83,1739288550742017,0.5996766673749745,0.8137931034482759,198.0204527234812
84,1771651748366337,0.4998080428695248,0.6142857142857142,181.54677288831644
85,1705699742139394,0.5404854892123441,0.6482758620689656,194.1063840302734
86,1695273683331074,0.5205435349348234,0.5714285714285714,203.17561655817192
87,1748546108353569,0.6468056407655962,0.9586206896551724,162.68727731451048
88,1715243011305474,0.6163988462580222,0.9586206896551723,179.5252912340915
89,1695527526423554,0.6391140719055646,0.813793103448276,205.1197464794239
90,1686232012600322,0.5283844756525853,0.8103448275862071,162.64729505738268
91,1764761367947282,0.4944152376366883,0.8714285714285716,178.86174537810456
92,1772265394873346,0.502793134908843,0.7379310344827587,193.13980959644243
93,1736353489446913,0.513578584795532,0.9758620689655173,165.98148761180673
94,1696369097856001,0.5139488424481577,0.8,204.5257348650695
95,1724426830167041,0.5200980815740496,0.5,194.67885849773256
96,1717152819047426,0.6539310555569198,0.8724137931034485,0.561674228813564
97,1741850392320017,0.5522652543555254,0.7172413793103448,198.8964128445069
98,2058592,0.5398955877692762,0.7879310344827587,202.43444244856826
99,1736955027658753,0.6414351732133599,0.7758620689655172,0.5531872863634528
100,1735501938296834,0.5575597629572753,0.713793103448276,194.4997250661764
101,1748619681801218,0.5100691993410075,0.9758620689655173,177.40982617135472
102,1714875416888321,0.6501721784762693,0.9310344827586207,0.6565461212023059
103,5563535,0.6019520628431796,0.9310344827586207,182.0848622357715
104,1672986746847238,0.5545970758862363,0.7724137931034485,168.67620612152032
105,1755541489126450,0.5968928694245677,0.820689655172414,205.71791493892243
106,1690239244530689,0.5695781462851415,0.9517241379310345,174.8301354207755
107,1732493811827713,0.5191281808838744,0.7413793103448278,198.52537224133977
108,1724426811354114,0.5400562161811746,0.7034482758620689,172.3526337557941
109,1717309548041217,0.620057957399658,0.7724137931034483,0.5551574694322288
110,1723656044244993,0.5325264350556772,0.9793103448275862,176.58980711065902
111,1694610948369410,0.5837650642589164,0.7362068965517244,197.32228395593935
112,1722169427595266,0.5267327710263413,0.8,162.0973766998162
113,1743478384980002,0.4994682172554188,0.9448275862068966,181.20620495512657
114,7039799,0.5008330523499496,0.7068965517241379,196.78257529320712
115,1721121602885634,0.4980589872208939,0.7642857142857142,167.6552432236816
116,6073125,0.7200536713383939,0.5535714285714287,213.43701530932537
117,1774283521390594,0.7086022457993478,0.7637931034482761,184.783155061164
118,3173062,0.49810089578145716,0.8344827586206897,210.2735664743971
119,1695031190880258,0.5238277751896686,0.7310344827586208,199.6097352019084
120,1705324000866306,0.5623311000367083,0.7568965517241382,196.55077492703214
121,1730409705792513,0.5473494992578183,0.7620689655172416,187.50590284310752
122,1739401359705089,0.5165681445802399,0.696551724137931,198.2936989825727
123,1724426772777986,0.590343392661342,0.4724137931034483,195.23514355731302
124,1672987155331077,0.5451950135410071,0.7206896551724139,188.9373768650972
125,1694647624630274,0.5509233068983125,0.8482758620689655,191.30762836963942
126,1669223,0.5772779810501776,0.9344827586206897,181.10669328109185
127,1972062,0.5538385483284467,0.5964285714285714,196.39725508608115
128,1686665037198402,0.5636076458119511,0.5321428571428573,199.1892298732596
129,1747655395696658,0.49676078133156387,0.820689655172414,181.16228609822298
130,1742577881965569,0.5088847740494012,0.9946428571428572,152.40030970531566
131,1772379228620801,0.5213179664033433,0.8103448275862071,168.38599825719123
132,1723453161441282,0.6115286106402067,0.7999999999999999,192.90454126039432
133,6768191,0.5651595531280812,0.7379310344827585,194.86066256467694
134,1702103753027586,0.5361779646644184,0.7741379310344828,184.83623674632244
135,1750192610892818,0.660442235778945,0.6620689655172414,0.5601587033760443
136,1691841339811842,0.6324618080016055,0.5586206896551724,199.897606131036
137,1752090693569553,0.6302115163796719,0.8142857142857144,159.9452961729456
138,1746505981460529,0.5976614527210046,0.8586206896551724,0.5724344594199551
139,1717232583006210,0.5703651155336695,0.6696428571428573,175.957816312141
140,1693589837272065,0.5392197832906487,0.6862068965517241,197.2429158662356
141,1765400800943137,0.5180353794044411,0.7844827586206897,183.636791313466
142,1695548425347074,0.5175138667621189,0.5785714285714285,207.83920245944685
143,1736487925281793,0.4963760737539849,0.7689655172413794,185.14078740746848
144,1717872951315457,0.6437638820545307,0.7586206896551724,0.7718776069975656
145,5398752,0.5214432859838919,0.9810344827586208,183.42680090258273
146,1690696958530561,0.5953240997080542,0.8689655172413794,0.561674228813564
147,1731137385143297,0.6280498918584634,0.7827586206896552,0.6870081824964547
148,1771766145225730,0.49400374182525064,0.7241379310344828,180.5000047488272
149,5081203,0.6941335155191214,0.8793103448275863,0.5640990695135957
150,8121360,0.6656982582124762,0.5689655172413793,0.7198950844906352
151,1695029371415554,0.6645223150034347,0.7448275862068966,0.48908056035636394
152,1709515822030849,0.5156188002505232,0.7655172413793102,201.4915384950466
153,1731051715822594,0.5735836761797527,0.7793103448275862,194.6693368377034
154,1673359260380165,0.5393065260475626,0.9275862068965517,165.70486941966539
155,1743478384978962,0.5189945457712779,0.6586206896551725,181.95048413025643
156,8750521,0.635227762037387,0.9241379310344828,180.0117608700256
157,1773649308319745,0.48963119381269177,0.930357142857143,70.54278384407787
158,7078503,0.5556595863023024,0.8327586206896553,188.9919763152834
159,1695192877708290,0.6441329433827083,0.8758620689655173,0.5497015778571576
160,1695769088444418,0.5021366855273014,0.9310344827586207,194.30236298740803
161,1695524452908033,0.5075001619308437,0.7862068965517243,198.78203966172032
162,1730417208825858,0.5577408768673189,0.6931034482758621,198.56486386155564
163,1734414427011073,0.5067043405202716,0.7965517241379311,172.99751237642423
164,1755261176398946,0.4843783411834279,0.8517857142857144,152.37144414941864
165,1686785566494722,0.6793379802467557,0.6206896551724138,0.7356565490408413
166,1749551875837986,0.499233735432067,0.6413793103448276,184.2750468255386
167,7775518,0.6217858260389293,0.9344827586206896,0.5781934560825304
168,1700717285620737,0.5378832961059721,0.7379310344827585,181.84619631598045
169,1693810939049985,0.5157907782531183,0.6107142857142857,207.9315463635127
170,1711434786638849,0.5011588463180007,0.9586206896551724,165.8251171602658
171,1757328405260290,0.5456070889516886,0.6724137931034483,199.43602357380715
172,1708990849970178,0.5022614326104831,0.9758620689655173,172.8635465222673
173,5286693,0.6047200838892413,0.6517241379310345,0.7427795185971845
174,1730406207574018,0.5928718012464451,0.6689655172413793,208.52670602867252
175,9075895,0.5521174119024177,0.7534482758620693,197.25358354545762
176,1694647715227650,0.5190172479365969,0.6758620689655173,195.97579380738762
177,1724427189184514,0.5555031887518859,0.4724137931034483,196.51330595761374
178,9832298,0.6590565219573373,0.863793103448276,0.5592493881135323
179,8905119,0.5072894323386301,0.6724137931034483,195.18731995121834
180,1700717203544066,0.529863825499975,0.7,194.34077632852114
181,8636306,0.5715616956847944,0.9172413793103449,178.8805683245571
182,1717301867452418,0.49071642543230326,0.9446428571428571,86.66258416279763
183,1719094834709505,0.5328150693255547,0.9241379310344828,167.60060168433589
184,1694644258242562,0.6240731635622699,0.6375000000000002,0.6127989886017347
185,1730406173728769,0.5479884591451396,0.4931034482758621,196.02351203521272
186,1752289495218225,0.6109979917523489,0.7637931034482759,0.5062059978003383
187,6085577,0.6282005790747225,0.9413793103448276,180.75902515866048
188,1694584031755266,0.5939477148512471,0.7241379310344829,195.64925335304315
189,1710592,0.5471280871606747,0.906896551724138,0.5436394761070782
190,1690696921339906,0.5914329749140774,0.8706896551724139,0.5625835440760759
191,1741489031520322,0.5656762639729521,0.7785714285714286,144.01652745884508
192,1688580837563393,0.4958943324340072,0.9,166.26135401427857
193,1774282580703234,0.6117607271105298,0.7689655172413794,178.9925401567676
194,1769302206223378,0.5584129220212649,0.7379310344827587,0.5600071508322925
195,1708585136236546,0.511784691640392,0.7241379310344828,198.68154661054726
196,1735501614322689,0.5435017436458643,0.7931034482758622,182.82980490355087
197,1658495581892613,0.5323896825759198,0.5428571428571428,218.4827970519737
198,1637679,0.5172662906756899,0.710344827586207,0.6488169414709549
199,1673348779685894,0.5105832977027777,0.6428571428571429,197.6080170250695
200,1769935154352129,0.5125747441567687,0.7896551724137931,184.81031300693013
201,1749551102733346,0.4910965549938097,0.8034482758620691,182.7532597378698
202,1755170505776146,0.49627718383428215,0.8875000000000001,103.38212051257555
203,1729239939698689,0.5036572005300385,0.693103448275862,190.91642423242644
204,1694042067160066,0.5075492305303202,0.9103448275862068,164.85391562264033
205,1735589382242306,0.49976493535001826,0.7551724137931035,185.35311454442817
206,2500551,0.5499387591136342,0.7000000000000001,195.75385672503887
207,1707136234999809,0.5302195987784162,0.6655172413793102,201.63919991594793
208,1732544052753410,0.503718543393747,0.9689655172413794,160.8341694253402
209,1694560071360513,0.5916303261232201,0.6965517241379311,203.73754970790714
210,5858713,0.644735618867482,0.9396551724137933,178.89131868333695
211,1672105296352262,0.6099715442013844,0.9206896551724137,163.04610551891858
212,1672986827202566,0.5055321651862457,0.6310344827586207,189.86060650479325
213,5311062,0.6152371667738662,0.9344827586206897,180.5555465427201
214,1737385931936769,0.6593067592357651,0.7862068965517244,198.9028962062295
215,1768474128071713,0.5261453978753092,0.9241379310344826,183.15778474529176
216,1772265209854994,0.5613250403272212,0.7534482758620693,196.2968699571478
217,1739658380282881,0.5618675769818176,0.7431034482758624,189.73887969085916
218,1695027942470657,0.545206781551343,0.9724137931034483,178.14240074288804
219,1686044610970626,0.5621568126870684,0.7793103448275864,166.20682049420762
220,1701877328285698,0.6155059537751973,0.5655172413793104,207.2279163655151
221,1739663,0.5371294732430353,0.6071428571428571,190.22100368249485
222,5385752,0.515481947852337,0.7137931034482758,198.46937709380225
223,3639978,0.5254414655907504,0.9124999999999999,187.47841657191998
224,1263657,0.5317170976936387,0.7879310344827589,191.8199229766101
225,1698794983674882,0.5524048643497131,0.5965517241379309,201.67506624511034
226,9317729,0.4905353713145786,0.8689655172413794,179.04293292514103
227,1738425578529794,0.5347670751294052,0.9586206896551723,183.76798818153284
228,1724427024360449,0.6410383039102262,0.46551724137931033,0.6256294022769016
229,1756413186738241,0.5538492050870251,0.5535714285714286,158.30048376482148
230,1771651753127937,0.5280088023619322,0.642857142857143,185.99835035074602
231,1726740282128385,0.608200315453914,0.8392857142857143,140.56005760816856
232,1732493853545473,0.5615778986334256,0.7568965517241382,197.36798429605733
233,1691911847674882,0.5590521679585634,0.5964285714285715,197.84311803879172
234,1749551102733314,0.5412618506454183,0.7586206896551724,170.31300365397885
235,1743843711746081,0.736684275755586,0.55,225.081592800033
236,7006780,0.5526046649066392,0.9620689655172413,178.84161330020333
237,1772265481709569,0.5330690741072878,0.7500000000000001,187.8080896187238
238,1748303624947714,0.5122837910104284,0.8034482758620691,190.90575622640526
239,8792117,0.5109192848875882,0.8500000000000002,180.095558758098
240,1721013871652866,0.5483212876639306,0.7758620689655172,193.9406047785653
241,1695025787506689,0.5021085276609394,0.8732142857142858,167.46240800942712
242,1694616462059521,0.62510214267272,0.6862068965517241,198.17067779801013
243,1770378596425745,0.512556017156201,0.9482758620689655,175.94964741556387
244,1768211443916817,0.6530900961772445,0.9758620689655173,175.43314746977723
245,2712226,0.6271577230921427,0.567857142857143,207.29002570449794
246,1672026730048518,0.6442171345918588,0.41379310344827586,180.45147767764055
247,1761892264652834,0.5104838702440605,0.8964285714285715,139.49578000263887
248,7259797,0.6236805944280142,0.9517241379310346,182.03059084749214
249,1728803985053697,0.5741610327342243,0.6793103448275862,196.57575290039946
250,1686761582885889,0.5045631041360372,0.7965517241379311,181.6657543014153
251,1734911759996929,0.5365798575953099,0.9413793103448276,181.94498288670655
252,1768214539706386,0.6192252812382569,0.9310344827586207,194.0752760320124
253,1712377365906433,0.5489567978883997,0.8142857142857143,166.72293928635418
254,1708911588315137,0.5330363556174986,0.6793103448275863,195.23225623733725
255,3823395,0.5239140479742792,0.8724137931034484,176.38243791778797
256,1757803306771458,0.5233458486472818,0.8068965517241379,166.3046970978815
257,3139936,0.5909003198736769,0.9396551724137933,181.2539778768332
258,5073882,0.6053729875888638,0.9293103448275863,181.28711954344126
259,2398007,0.5288000650803584,0.9571428571428571,165.1501760870389
260,1749554287819777,0.6241575532346826,0.593103448275862,0.6809460807463754
261,3731581,0.6918416956809779,0.9586206896551726,181.55831615081365
262,3376191,0.6211603880440542,0.9275862068965518,182.1611075099896
263,9660890,0.5167295559091893,0.7000000000000001,195.63176546894746
264,1752511011701794,0.6926900755933864,0.7896551724137931,0.6977684131028457
265,1694617137465346,0.5312932437279042,0.6758620689655173,198.35002541966963
266,1769753719517217,0.5416453965173507,0.8896551724137932,131.4916199046147
267,1686044715023361,0.5643121098017075,0.6965517241379311,188.78516306868215
268,1738295845374977,0.49949492617186886,0.7344827586206897,198.84114590447825
269,1757699691554817,0.5381380799997445,0.9206896551724139,179.88179843926275
270,1700711909345282,0.5326402822026232,0.7827586206896553,160.78608859717238
271,1712656329125890,0.54782519450227,0.8137931034482758,204.7634573643096
272,1738944960547842,0.5729689681369798,0.7,171.5070841212882
273,1693631923842050,0.49264793114263894,0.7000000000000001,198.4206471483438
274,1714594710759425,0.5436026059348036,1.0,173.8167601283866
275,1766581327986690,0.5460808180947502,0.8344827586206897,192.09834648275785
276,1710178216772609,0.5162300926488068,0.9086206896551725,180.63685318207322
277,1696840306714625,0.654980018398298,0.7586206896551725,0.5850133205513697
278,1721098830726145,0.5177071673887167,0.7293103448275863,196.47921106301982
279,1658495634612229,0.4900201599426444,0.5607142857142857,218.55997697140376
280,1746897955103761,0.5483663161862021,0.9482758620689655,170.14327172949487
281,1739288728407042,0.5822257112597851,0.7931034482758622,204.77951555023012
282,1739401456230402,0.5070833038879139,0.6931034482758621,197.6392755260945
283,1770594586507313,0.49987130962431026,0.710344827586207,0.5697065136324194
284,1711502694841346,0.5309906181010826,0.9103448275862068,178.68506034535275
285,6537093,0.5237115409223084,0.903448275862069,0.5415177404945503
286,1721099016810497,0.5413538972447342,0.7379310344827587,195.76208815678856
287,9879733,0.6785814979293779,0.896551724137931,162.2615726285502
288,1694582808607746,0.5699242087570068,0.7517241379310348,196.55221582086767
289,1739401252016130,0.5816175185378193,0.6827586206896552,198.39864740532985
290,1713600848621569,0.5114112440052243,0.9206896551724137,169.48578365876998
291,8886189,0.6127248263307232,0.8793103448275863,180.3830967147087
292,1693532818526210,0.5147662444750869,0.7000000000000001,198.41148478141602
293,1749552718474241,0.5881796086007837,0.7689655172413794,0.5938033680889848
294,1704414376583169,0.6020636323953745,0.5392857142857144,199.23469490198326
295,1749551020194849,0.5593894110508176,0.8551724137931036,172.68765254930062
296,1719382326193154,0.5727143598715985,0.6660714285714286,174.9723049246566
297,1769411685685282,0.5635385614094999,0.8535714285714285,150.6947371070727
298,8391567,0.5230304970490519,0.7517241379310344,194.2416303137524
299,1710756639046657,0.536109004151652,0.6655172413793102,201.22283432072678
300,8585325,0.6619056838541592,0.5821428571428572,217.60799488747267
301,1704427736737794,0.512074672726275,0.6689655172413795,193.2796133833969
302,1696572963308546,0.5725142010384614,0.896551724137931,188.7048065963928
303,1759306276576305,0.5467509633158999,0.7999999999999999,193.31763210812986
304,1751009463292962,0.49309205970974745,0.813793103448276,194.73538332439722
305,1716493181062146,0.6737590268329976,0.7775862068965519,0.4990830282439949
306,1729988924221442,0.5528544490766131,0.9103448275862068,172.35583142871295
307,1729801759373313,0.5444411611254131,0.8310344827586206,185.333707924612
308,1722217048904706,0.5628196948043005,0.7827586206896554,181.79353704283668
309,1735485286311938,0.5250659806795831,0.7603448275862071,197.31131793184227
310,1752720343698450,0.602294056391965,0.7741379310344827,0.49680974008771517
311,1694617222918145,0.6020083648559358,0.9,186.5540774299257
312,1695745664654337,0.5222969190019137,0.7827586206896553,194.33831725951995
313,1739288436103169,0.5953334704583304,0.8,198.59219849444904
314,1710303056363522,0.5555796782998924,0.5750000000000001,199.1425759599574
315,1695831473041410,0.5659101100079186,0.5379310344827586,200.48313891035303
316,1728803946082306,0.4950405257259082,0.6724137931034483,198.08859075958244
317,1755541489127442,0.5854735891859091,0.6724137931034483,197.0114353028559
318,1696563280934914,0.49761816503033496,0.775,0.4720066754561418
319,6552319,0.5350116848151993,0.9137931034482759,145.22942896447972
320,1734415103300609,0.6668968919954102,0.6931034482758621,173.75976949449532
321,7207797,0.5333133884053707,0.8428571428571429,203.74775761229955
322,1737385910931458,0.617534414283828,0.8275862068965518,198.61413340069316
323,1695601116227585,0.5248195796480876,0.9172413793103449,198.50322680516746
324,8320536,0.5450264384596625,0.8413793103448275,197.15171069075808
325,1668385922699269,0.6064260730169401,0.8413793103448275,0.573798432313723
326,1739401440195586,0.5249827138143525,0.6793103448275862,196.28980536874244
327,1736487625947138,0.6542823622253968,0.7172413793103448,0.6667001416336888
328,1755541489127426,0.5119468671317458,0.8482758620689655,191.30926833377364
329,1707039421947906,0.5441513053595585,0.7034482758620689,198.50423372067115
330,8959882,0.6019452026897587,0.5535714285714286,215.89850062461778
331,1125738,0.5906273181289045,0.9224137931034483,0.5836493476576017
332,1693570916755458,0.5224570173783313,0.6827586206896551,198.21680969150447
333,1772381082377217,0.5041970369161659,0.8724137931034484,165.12021159205602
334,2779680,0.6325687789743396,0.9034482758620691,179.6749008615478
335,1724426780891138,0.6362106947952086,0.46551724137931033,0.6251747446456456
336,1707594790858753,0.5463338800402973,0.6758620689655173,197.97604527938307
337,1727251400013825,0.5254038231557466,0.5785714285714286,205.49781919197602
338,1773821208648705,0.5584232018352873,0.7637931034482761,184.73103169223202
339,1694642426071042,0.6405915968513654,0.6827586206896552,0.666548589089937
340,1726904276471809,0.4938384536703461,0.6948275862068967,176.8620112780083
341,1717387827033089,0.5072064683707913,0.6862068965517242,179.53232911326054
342,1658495710301189,0.5133507148635912,0.5464285714285715,215.47036458046725
343,1714611028454401,0.5323393504453213,0.9793103448275862,157.58344304980656
344,1732374832822274,0.5075145612654275,0.696551724137931,197.05644489446357
345,2287729,0.599640480209981,0.9206896551724137,194.34988935899503
346,1773654622274577,0.56994801180754,0.7793103448275864,167.08350438578418
347,7550336,0.6327699302414158,0.9689655172413794,181.68078362461677
348,1734581654195201,0.6891437695633041,0.5896551724137931,0.7265633964157222
349,1714297345849346,0.5644808668225142,0.5724137931034483,212.90898358467632
350,1700618236673025,0.5093029905050693,0.5964285714285714,206.62979428531645
351,8997707,0.49669931982009347,0.9551724137931036,157.03933537908162
352,9221676,0.6553634415405053,0.9448275862068967,181.01171254866924
353,1729881220899841,0.49661714501562904,0.7793103448275864,184.5064558542244
354,1717156007162882,0.5046141871091431,0.9362068965517242,181.2415762653935
355,1717766044988418,0.5357423864060853,0.7928571428571427,155.5435953467105
356,8920962,0.5988872238605498,0.9310344827586208,176.91210276593574
357,1698909271368705,0.5813114919018774,0.7103448275862069,175.6671984445652
358,1736947320740865,0.5789184058655333,0.7724137931034484,0.5480344998758855
359,8905332,0.5216738735421512,0.9568965517241379,180.74122538549963
360,1686046427415554,0.6342019420657227,0.6862068965517241,0.6275995853456772
361,1671848935147526,0.6699056452594538,0.9103448275862068,0.5513686558384293
362,1694797801980930,0.5633224035554065,0.9206896551724139,181.06456119815587
363,1772265394873378,0.5584372318490051,0.9413793103448276,171.79686762035237
364,1719286998471682,0.5571946014408985,0.9053571428571429,146.82651046745093
365,1701278640652289,0.5739156941026347,0.7303571428571429,0.5115618893754097
366,1761689696230402,0.543745887567515,0.813793103448276,163.58208532644738
367,1769748362234898,0.5540670409489683,0.6310344827586208,201.58315326255993
368,1689864511333377,0.6605264128369348,0.6344827586206897,0.5819822696763302
369,1736487431998466,0.5418619900351542,0.7500000000000002,189.74398601735962
370,1710346242337793,0.49349669440150945,0.6035714285714286,198.6971223499167
371,1710771975882753,0.5219888552474866,0.7310344827586207,198.85835305432067
372,1695096148334594,0.5905701228025093,0.732758620689655,171.12385102773558
373,6898313,0.5127951183972228,0.9310344827586207,0.5365165065507348
374,1747029102355473,0.5798274269794651,0.7379310344827587,0.5589462830260286
375,1721716500382722,0.5223661706882006,0.6586206896551723,197.21233987572268
376,3709966,0.6882776587590346,0.8620689655172415,0.5586431779385244
377,1719121617233921,0.5138791680044248,0.9275862068965518,170.62600805623774
378,1750192071466001,0.519997803869823,0.7068965517241378,177.11822648889034
379,6251180,0.5629365798134305,0.7172413793103448,195.388178576904
380,9627209,0.571376167934391,0.8413793103448279,205.78807753834195
381,7183392,0.5347324506228538,0.9793103448275862,188.05887595397033
382,1714754321751042,0.5060994372576234,0.6035714285714285,212.43699163873703
383,7568002,0.5147721433786644,0.9107142857142857,188.42131338327164
384,1771418356314129,0.5117396591875389,0.6857142857142858,185.48522049911253
385,1767847119851538,0.5196692891790312,0.5892857142857143,205.58995797470698
386,1770215386063954,0.4952281191862994,0.5785714285714285,222.27960589271476
387,1704519112653825,0.5828131359213226,0.7327586206896555,187.83547302678252
388,2927720,0.64889001721153,0.9482758620689655,180.856985114351
389,1686044761231362,0.5672233956089107,0.8758620689655172,151.22953853532132
390,7857161,0.5115101980798845,0.7535714285714287,155.5445643229846
391,1755920005991426,0.5978344076532047,0.7413793103448276,0.5440941337383342
392,1763709643174962,0.5299817245356959,0.9142857142857144,155.2359733725963
393,1729882976480257,0.5592916318104911,0.7637931034482761,189.75141176310493
394,1686669003006977,0.6040927893886067,0.5535714285714286,201.26975195098385
395,1752272576137233,0.6343479395549764,0.7517241379310347,0.5850133205513697
396,1686044707253249,0.5778363015714092,0.710344827586207,188.9289851685997
397,1772898848026689,0.49210588345672324,0.5785714285714285,207.8006436301735
398,1725363568499714,0.536910122599334,0.7448275862068964,205.9266660046446
399,6080830,0.5505488855879284,0.8000000000000003,200.57333168966167
400,1725713319695361,0.5118114310039479,0.5392857142857144,202.08648225495355
401,1704414382510081,0.5731942715066334,0.5482758620689655,212.51372040901518
402,1686669022776321,0.5603076236047486,0.5892857142857143,199.07255263679676
403,9256168,0.6266176089467308,0.8741379310344828,178.33965073898327
404,1649165395330053,0.5051295201980573,0.5571428571428572,216.712468861305
405,1695752699794433,0.639443270561744,0.8862068965517241,0.6106257004454548
406,1732050157733890,0.6135421051697033,0.5862068965517241,0.6618504602336255
407,1726915536582658,0.5004627985660957,0.9344827586206896,189.11627109792894
408,1737407724728322,0.5083309003056344,0.8862068965517242,187.32111154914668
409,1673359560577030,0.6401666583038353,0.8379310344827586,0.5919847375639611
410,1736956246305793,0.5304688779494009,0.8910714285714286,161.6122520504409
411,9765857,0.5842106807126711,0.6448275862068965,194.28380631861802
412,5323368,0.5144072736248135,0.9357142857142858,168.52114599924087
413,1767847119851522,0.5227975171030724,0.896551724137931,176.91465455233845
414,1691180447734785,0.51983865750776,0.55,227.09732475577744
415,1686041565040641,0.6457146358276801,0.5862068965517241,0.6080493072016713
416,1749551236322305,0.5037898246960355,0.7448275862068966,185.51706268781237
417,2726180,0.5765158109406301,0.9465517241379311,181.72068001006832
418,1739401463816194,0.6040082331006669,0.6896551724137931,198.8686664737306
419,7960156,0.510641817152432,0.9464285714285714,199.32886591012198
420,3195369,0.5497225702834885,0.8879310344827587,191.0286323624876
421,1672986645879813,0.5275601493967477,0.6965517241379311,184.66352779079367
422,1669008361646085,0.5917120260654788,0.6892857142857143,191.44508735557426
423,1755256243961858,0.5529073232369722,0.7053571428571429,0.4977706078939791
424,5897557,0.5662018189077402,0.6793103448275862,202.3042297258478
425,7615952,0.6631404222552238,0.8931034482758622,152.81331821822482
426,5320637,0.6268127562910849,0.8896551724137931,0.5536419439947091
427,1699455852640258,0.6937240102306932,0.7035714285714285,0.5382351370757588
428,1746933506576386,0.5528572291233144,0.9758620689655173,167.34891487042267
429,1754509725670401,0.509774337920646,0.6107142857142858,215.64844838894624
430,3870531,0.6850645411273869,0.625,0.6002201274703203
431,1768147951861793,0.6257864394771747,0.9344827586206896,180.84346297943253
432,1690600005280769,0.6246212563599767,0.9517241379310345,175.62337416944433
433,1728866658882562,0.5306391741278874,0.7724137931034485,188.05974678900176
434,1771649360667698,0.5663435999062036,0.5392857142857144,213.45166542786944
435,1771766145225762,0.5027081746161017,0.55,218.02082061036953
436,2259209,0.5267886695852311,0.6793103448275862,193.35449367262333
437,1695311101589506,0.5924188859576047,0.5821428571428572,95.4270453411853
438,1724470451737666,0.5531702079921845,1.0,155.8000344999781
439,1719659311157249,0.5875558719001016,0.9482758620689655,171.11418358379018
440,1735138344199169,0.49531575532729594,0.825,149.01668702078382
441,1738944561390594,0.6602524966046238,0.603448275862069,0.7054975928341967
442,1737386027356162,0.5912187503171948,0.8206896551724138,206.43225311077174
443,1730406060776449,0.5735580718919755,0.7517241379310347,187.89282501908738
444,1741913158257666,0.5886873936616177,0.7034482758620689,197.02704591056295
445,1193822,0.6199234357495472,0.9655172413793104,181.67981466455598
446,1736488213441537,0.5242708839328377,0.7551724137931036,188.083164053489
447,1736487777311745,0.5991555020924875,0.7706896551724138,186.03445105097722
448,1689841489642498,0.5317103773931938,1.0,149.1966684023191
449,5390991,0.6504413528775769,0.8741379310344828,0.6256294022769011
450,1706957000738817,0.5152564833200145,0.696551724137931,198.09768118480804
451,5222102,0.5095379033420439,0.8344827586206899,203.98950237444382
452,1752275425169409,0.5622273444816807,0.8,176.66528849592578
453,3657851,0.5498067753743321,0.6206896551724138,208.42786441883138
454,1703429274086465,0.6359535173426716,0.8137931034482759,206.33543899337957
455,1671849238077446,0.5471606185830307,0.9428571428571428,145.8937208985526
456,1738944757507074,0.5394014611600435,0.7448275862068966,206.74714139745092
457,1690666906975234,0.5341921867880216,0.6758620689655171,188.240510878884
458,1710346229551105,0.5113458060706433,0.5678571428571428,201.2560286968941
459,1722268364673026,0.6034122459137693,0.7214285714285715,168.23540090484636
460,1754531766565889,0.5433582661265028,0.9275862068965517,0.5789512188012902
461,5810618,0.5383065345774244,0.8103448275862069,193.3704141153931
462,1695535225123841,0.5040474642359981,0.6214285714285713,198.44864054387202
463,1693810919455746,0.5296972386229573,0.5392857142857144,203.67558762436613
464,5831795,0.5852971805932112,0.903448275862069,196.21998473502813
465,1736487925960705,0.5656885304421502,0.774137931034483,188.14503709930875
466,3271035,0.5259984649313798,0.9241379310344828,173.8080395307202
467,1695538424423426,0.5602470122166266,0.8137931034482759,199.88722963179765
468,1710766312791041,0.5241608932696629,0.7241379310344828,198.5795112357198
469,1729809218302977,0.5447351230454452,0.9103448275862068,177.88218166557695
470,3026838,0.5218679857455928,0.8896551724137931,168.0900175356261
471,5968689,0.5833636086515684,0.9465517241379311,180.49324137097216
472,1726740365038594,0.5229157137961553,0.860344827586207,178.15051968958733
473,1752092808077314,0.5023141910515928,0.8620689655172413,182.41975860138805
474,2937155,0.6009167193305829,0.5896551724137932,0.6682156670712088
475,1711506485296130,0.5901891211630271,0.8625,152.04948390263345
476,1729975228311554,0.49394316910340824,0.9,142.38932735323894
477,6669692,0.5393936821513505,0.7275862068965517,198.57578225572402
478,1123367,0.5235663290163675,0.896551724137931,0.5469736320696218
479,1768119758272514,0.5136592806191094,0.8017241379310346,183.30350202580158
480,1732310494930946,0.5276704767522328,0.6413793103448276,206.85757257597987
481,1695096263485442,0.6310966120158544,0.6071428571428573,0.5608164660948043
482,9656891,0.5953553175472703,0.9568965517241379,181.89891573952812
483,1729874440249346,0.5216384982869307,0.7827586206896554,189.36210776186135
484,1700060109672450,0.5118291601775541,0.8428571428571429,179.00556675234816
485,9657251,0.5828204539192892,0.9017241379310347,179.616189028115
486,1686669704112129,0.5753713507390784,0.6285714285714287,185.19150256855653
487,1671942835117061,0.527977509337705,0.9517241379310345,173.92279044859066
488,1714052438738946,0.6918950549269997,0.8750000000000001,163.60939575915756
489,9616890,0.7029256927348148,0.9172413793103449,172.47413518625046
490,7900998,0.5120880738205088,0.6357142857142858,177.91668178260136
491,1768586056958977,0.5413844209501081,0.9586206896551723,192.07379854587725
492,1689833788033026,0.540692279183907,0.6827586206896553,187.32604951242882
493,1748512664284209,0.5808704094973673,0.9620689655172414,163.09675546716997
494,1714410483801090,0.501186597140357,0.9758620689655173,163.82951529842316
495,1719463946291202,0.6896091870202682,0.7892857142857144,0.5003470011377629
496,8660271,0.5133412898157851,0.6,210.83764591010961
497,8777520,0.543275483970203,0.8310344827586207,197.4241644761169
498,1754632545661953,0.6153874248327469,0.6241379310344828,0.5818307171325782
499,1694647755331586,0.5347563866516366,0.8344827586206897,192.06724509830363
500,1766126778793985,0.5712822860665329,0.9482758620689655,152.5432370432278
501,1635870,0.5234031108032059,0.9724137931034482,148.88271231164845
502,1671849021974534,0.5348865267069067,0.9586206896551724,166.8275134368462
503,1750097742715922,0.5681042679570103,0.7862068965517243,192.18814509287907
504,6970675,0.6168056311169938,0.8879310344827587,180.02072850352926
505,1741852457876497,0.5925506446907898,0.7000000000000001,198.31985589627556
506,1757803456500738,0.49723881865372355,0.9827586206896551,137.09920517406513
507,5869200,0.5124393752384914,0.9706896551724138,187.88996020470677
508,1751009383755810,0.49610960852396996,0.7793103448275862,192.18920734580135
509,1671869410894854,0.5157472890841793,0.9517241379310345,175.9140725819447
510,1878712,0.537923547256971,0.696551724137931,197.05738507656034
511,1769918920119298,0.5190559075413758,0.7344827586206897,196.3668573079711
512,1672279992480774,0.6482665662718308,0.38928571428571435,153.44783521287604
513,1721118889344001,0.48950226459070206,0.7607142857142858,170.732161799202
514,1705177842106369,0.5179695240196359,0.7689655172413796,189.20594342021357
515,1695648893714433,0.5517897558575723,0.5178571428571429,178.47067315958842
516,1743215722225665,0.5430087524660551,0.9724137931034482,151.94028607088867
517,7161885,0.5534369366916337,0.6482758620689656,194.82134304086728
518,5583099,0.5009791722077205,0.9000000000000001,164.9963016863003
519,1737143080896513,0.5389510902379328,0.7551724137931035,188.5302458565591
520,1721100289570817,0.6704021310913935,0.7568965517241381,0.5878928188826573
521,1764043372560418,0.5065750701116222,0.7862068965517243,183.6689698387703
522,1695025817369602,0.5585635763075321,0.8034482758620689,160.77747863368725
523,1738944493137985,0.5322057365270164,0.7206896551724138,198.05966134631106
524,2306691,0.6333410884830454,0.9034482758620691,180.349395635529
525,1742577894443009,0.564836103050954,0.9803571428571428,152.55429656786987
526,2008658,0.5606793240739055,0.886206896551724,191.66543771313502
527,1719206878123010,0.6119931426876263,0.9310344827586206,0.7168640336155955
528,1724428408471553,0.5836692134713224,0.5344827586206896,194.4437079199315
529,1691911668822018,0.5676247130979087,0.5689655172413793,212.51305654104522
530,1687938893060098,0.5820023908147485,0.9586206896551724,161.70625859255415
531,1649165497425926,0.4990036759043924,0.5785714285714286,226.70027014424062
532,3029927,0.5356434087458282,0.9241379310344828,0.6041089410641197
533,2855138,0.6162019131723391,0.8793103448275862,172.99462751503626
534,1704428186539010,0.5164048448797224,0.7448275862068967,186.966188566819
535,1727747975646209,0.5039438597412866,0.9241379310344826,182.34790254219828
536,1760317489089553,0.5115472972019024,0.6206896551724138,195.36454562151275
537,1724470390768641,0.5036483915805069,1.0,155.97226602896146
538,1714352438792193,0.5083234183739764,0.9655172413793104,164.9978479771069
539,1695538963129346,0.6592200522543658,0.7862068965517244,205.54388201609498
540,5338213,0.6666282899788003,0.5464285714285715,218.23340339911715
541,7257335,0.49047180215311265,0.7068965517241379,197.33713882865678
542,2357972,0.5048389111690341,0.7344827586206897,192.5708030532109
543,1743882944482306,0.5335797985105998,0.9758620689655173,167.31239439513254
544,1726073812314114,0.5375845464144591,0.6357142857142858,185.52322852577828
545,7378621,0.609321396527458,0.9448275862068967,181.56233057306252
546,1707735763608578,0.49328696133088157,0.9310344827586207,194.19306458350655
547,1752720282275889,0.5392631626786507,0.8344827586206897,192.06558913885658
548,1688583780713474,0.5149438815805547,0.9517241379310345,174.27767995906675
549,1667575616633862,0.5043698431159551,0.8827586206896554,178.22813982721502
550,1714584045969410,0.5006466204507231,0.9551724137931036,175.29000623166525
551,1729275453642754,0.49591727305032085,0.8413793103448275,165.48568421834577
552,1746466901267473,0.4925981004739037,0.5892857142857143,205.13087449382732
553,1734911755347970,0.4891994670244297,0.9068965517241381,181.35819608534547
554,1691841896401922,0.5683877088765686,0.5551724137931034,212.59341150349815
555,1736487906247681,0.513270730360271,0.6689655172413794,173.22413388420904
556,1695612806451201,0.524845748361228,0.6285714285714284,203.0610743025781
557,1713957111455745,0.5794902563872643,0.7620689655172416,196.0208054259905
558,5602973,0.5139904337420693,0.7775862068965519,167.23826513504665
559,1003316,0.5339756178554108,0.8642857142857142,196.8346258470887
560,1740557161877506,0.5625621766830036,0.7896551724137931,207.95519675277944
561,2075587,0.6501412949084768,0.8827586206896553,0.5995623647515601
562,1770457600736257,0.5502003362192375,0.55,216.11283182563065
563,7597899,0.5237112540707524,0.9793103448275863,156.53903346959027
564,1721013868565506,0.5921895999601875,0.9482758620689655,173.5288608507571
565,1668385955785733,0.5679637498196658,0.9862068965517242,162.257795360714
566,1721716519456770,0.5709043939035789,0.6689655172413794,196.32597444092454
567,1703462395747329,0.49727938687130385,0.963793103448276,180.75877397498084
568,1686044718017537,0.5558318940659532,0.7344827586206898,177.28538794973173
569,1747655791775793,0.6948592787612498,0.5793103448275863,0.6683672196149608
570,1710346266707970,0.5490346675762802,0.6285714285714287,197.50428671654328
571,1695576776484866,0.5472243120379122,0.9482758620689655,173.08845730797898
572,1711419041101825,0.5459081723692645,0.6857142857142857,172.19668212401226
573,6517798,0.6324301444522411,0.9706896551724138,181.0930109176562
574,1769388556471330,0.5457389570553699,0.6551724137931036,194.8524181831105
575,7519665,0.545039391677562,0.6724137931034483,198.31545638758527
576,1736487442745345,0.5637293315858379,0.7586206896551727,196.1872569848875
577,2729373,0.5202547661060134,1.0,173.0600000195054
578,1704427801912322,0.583087422060785,0.8250000000000001,161.4165742864405
579,1695030662446081,0.5471291950559604,0.7672413793103451,197.51976075265824
580,1732549373538306,0.5557718604072271,0.9758620689655173,178.91834891527805
581,5585206,0.5149259264902551,0.9086206896551725,0.5474282897008779
582,9082283,0.6126865842689814,0.9086206896551725,180.3786205710578
583,1773554981556242,0.49729520696230245,0.7620689655172415,162.51455387458844
584,1695025785616385,0.6585993625654101,0.8310344827586207,0.533637008219447
585,1771651728348161,0.558574790834684,0.5758620689655174,0.7947620411041152
586,1707982,0.5114247748466292,0.906896551724138,0.5445487913695901
587,1696368514880514,0.5125093561420043,0.7241379310344829,199.53220972346378
588,8003837,0.5410664020496925,0.8214285714285714,181.29070962553968
589,1735485343950850,0.5366956004375152,0.7206896551724138,195.44858167532948
590,7086019,0.5139868890888205,0.8172413793103449,203.7090799396387
591,2803125,0.49348179824971417,0.8224137931034484,197.0265099560746
592,1768509295170561,0.5435444820531411,0.9689655172413794,167.2490744037385
593,1717235599448066,0.5275017821800979,0.9620689655172413,181.18290671157368
594,2322011,0.6431349292344166,0.9482758620689655,181.51985266833356
595,1087262,0.6274639021519842,0.9655172413793104,0.5287873268193839
596,1657121,0.6163420527343407,0.9431034482758621,180.45695937092816
597,1737390105893889,0.6513321156127513,0.8285714285714286,184.64922907499547
598,1749004123327490,0.6144324331177522,0.6089285714285715,0.5608164660948043
599,1762598247044114,0.5246863573391484,0.7793103448275862,178.85786018946405
600,1746474759433249,0.5322095718686242,0.9758620689655173,166.9864824222065
601,1741913061098497,0.5358175552990226,0.6655172413793102,209.24385175988004
602,9672999,0.6646207968987359,0.9155172413793105,180.6074971472579
603,1680306084527105,0.5412395144643896,0.5642857142857143,227.04303369448402
604,1729271917188098,0.4986692514207788,0.8551724137931035,167.63019020983776
605,1693811074963458,0.5281251021864007,0.6107142857142858,208.18874674651724
606,1561930,0.5063711919493981,0.8758620689655173,199.73298155670594
607,1752090733056018,0.5295437817114654,0.7482758620689655,187.52061787860623
608,6301137,0.5331956628785035,0.813793103448276,200.84115069631807
609,1716460631262210,0.5605891989279624,0.6107142857142858,219.63006078415825
610,3602129,0.5134308328529706,0.7948275862068968,198.3791152270886
611,1769302206223410,0.5439062836399117,0.7517241379310348,198.3956796291781
612,1694583472313345,0.525923566647297,0.7620689655172415,185.82758598908887
613,6729353,0.6503426629838496,0.9206896551724137,177.19377928158846
614,2135121,0.5560383680455395,0.8275862068965517,193.5663552456193
615,1527988,0.49810890930813856,0.9482758620689655,175.99451357110846
616,1695155453571073,0.5957113502105151,0.7172413793103448,0.6185064327205583
617,1697813860514817,0.505699185184829,0.7741379310344828,195.12679384194442
618,1755797122182146,0.5375107117939115,0.8482758620689655,191.31877692354163
619,1711502592367617,0.6223048410276989,0.7827586206896553,0.5584916253947725
620,1714878888865794,0.5938739492927673,0.9586206896551723,186.57704397665083
621,5895016,0.6199420940853361,0.5793103448275864,0.6814007383776312
622,1694575955232769,0.5461413379051561,0.7500000000000002,196.57525400454463
623,1694571907194881,0.5475665589512326,0.7655172413793105,189.62506045895066
624,1706345392129025,0.5678644446544424,0.6913793103448277,0.5492469202259016
625,2387610,0.4953645572734239,0.856896551724138,159.49040450645228
626,1735529545413634,0.5957043787196238,0.75,150.2213389348928
627,1752092805324913,0.535915171066838,0.8344827586206897,192.09140334546998
628,1752174599238690,0.5393954893508863,0.7517241379310348,173.3743578048055
629,1762880220789809,0.5214981112478614,0.8620689655172413,187.87763507647716
630,1695290864139266,0.5281389394008177,0.7931034482758621,198.8328433129634
631,9265717,0.5426152036039995,0.770689655172414,186.02304356992713
632,1704596569660417,0.5745821362944419,0.6285714285714287,180.33941926451976
633,1732493776177153,0.5148559286441634,0.7448275862068967,187.90237075312658
634,1771651756368898,0.5124048313819299,0.7964285714285715,157.75341487555437
635,1695769192099842,0.5123362733070711,0.9172413793103449,197.7603066713518
636,1731137486777346,0.5211786487880918,0.7724137931034484,190.0955614978022
637,1704427801485313,0.5291076373196157,0.6241379310344828,191.73588221994473
638,1733128229522434,0.555528846549567,0.7714285714285714,109.05204968691602
639,1693810073212929,0.5413602091954635,0.6758620689655173,198.33253091609848
640,1737385941465090,0.6081789769039139,0.8344827586206897,200.2054474414621
641,1695526269280257,0.6971368138240176,0.7689655172413793,0.6976168605590937
642,6353600,0.5891865779004535,0.9327586206896552,180.68561773399827
643,1769098122602498,0.567294817079908,0.813793103448276,198.55410247795714
644,3001689,0.5641209114546785,0.6285714285714287,205.4261098373701
645,1762949452155938,0.5183434167310255,0.9413793103448276,0.5742530899449786
646,1768432749385762,0.6291153615943261,1.0,170.4583508557197
647,1741279140672513,0.49016136421668627,0.6655172413793103,183.88829883792187
648,1735486913351682,0.5658361190081063,0.7714285714285715,149.71554644772868
649,1099005,0.49832490953842135,0.6896551724137931,197.88990651093937
650,1694572439183362,0.5339420353543121,0.713793103448276,196.15271876115844
651,1752720282276865,0.5203731728202642,0.6862068965517241,198.1449137199735
652,7203332,0.5919283063688663,0.9206896551724137,180.53691027404528
653,1693578512149506,0.5035160195317234,0.6620689655172414,195.7424645856589
654,1749693025818658,0.5469497513212233,0.820689655172414,200.20657561344768
655,1724426873402369,0.56689568396359,0.7862068965517242,155.03174563364811
656,6227566,0.6171509933825847,0.9293103448275863,180.41140170224855
657,1718358,0.5032745496160551,0.6107142857142857,197.7108436323994
658,1738944455652353,0.6188599231483699,0.7571428571428572,161.09314184888166
659,1752720527795217,0.5484215338204677,0.6724137931034483,199.06432358899727
660,1739405172999234,0.5241000183842255,0.7137931034482758,198.45310161719195
661,2062837,0.5905751603223883,0.9258620689655173,181.52366082896626
662,1694295343087617,0.5446031532720664,0.8,141.7818556670291
663,1757052904711169,0.516081381748101,0.5862068965517241,182.6596727017584
664,1735754088302593,0.516298455631883,0.5785714285714286,204.96441020834203
665,2289168,0.5732757174800295,0.9339285714285713,184.4389488139904
666,1694617166265346,0.5248236260393891,0.8620689655172413,189.00510380046157
667,3297271,0.5645890502865409,0.10000000000000002,0.655385253396042
668,1711495963719681,0.5692099461510362,0.7224137931034483,195.57634257299924
669,9310005,0.4951275543804685,0.6758620689655173,193.01590193324338
670,1736488544904194,0.5586658937870339,0.7696428571428573,173.63345491876044
671,6230873,0.52118409101626,0.6862068965517241,193.01069871290122
672,1739401620745217,0.6046885061321545,0.6,212.00469863280185
673,7676958,0.6275902307349938,0.9339285714285713,180.23211559088716
674,3581159,0.5346567090092786,0.8396551724137933,203.77686754471216
675,5819951,0.5585097783477134,0.9948275862068966,171.64592039133467
676,1726915781909505,0.560693033380508,0.9862068965517242,178.52949892085223
677,1714356224207874,0.5326252139391129,0.9413793103448275,173.3636711777389
678,1268890,0.6383788629581337,0.9293103448275863,180.27050407401532
679,1764236250853426,0.5850011946177819,0.8327586206896553,175.5932384787955
680,8521016,0.5593096084639649,0.9758620689655173,181.14628181582822
681,2613990,0.6450429522530613,0.5571428571428572,226.4165110641931
682,1915657,0.5379389433960154,0.9034482758620691,183.54898954459793
683,1737428933735426,0.510761393421742,0.9482758620689654,166.8063791660178
684,1705052601354242,0.6435783153911991,0.8,207.47882579734886
685,1729873023284225,0.5651729927818406,0.7017241379310345,184.97864931657816
686,1676631455688709,0.5517991298278995,0.7172413793103448,185.65750058644875
687,3071163,0.6623435520863745,0.8827586206896553,0.5948642358952485
688,5569930,0.6564906790198534,0.9258620689655173,179.94084371743583
689,1706437607186434,0.5030140610350032,0.7672413793103451,194.4152940643928
690,1732494092090369,0.5638502703154636,0.7431034482758624,196.4889450195998
691,3753607,0.5636841105356853,0.8379310344827586,196.60398878032183
692,1691845936062466,0.5135747165761761,0.5607142857142857,200.1009334669283
693,1729270880862209,0.5603180360264456,0.8896551724137931,164.96624882930175
694,1770099191136306,0.4953691274038871,0.8034482758620689,187.56248856336867
695,1737386135461890,0.6811608385059597,0.7586206896551725,190.55087289519184
696,1768432749385746,0.5590920752587549,0.9241379310344826,182.34722979407255
697,1769313472273410,0.6861801448219736,0.6375000000000002,0.554905916888477
698,1694647574135810,0.551204229991663,0.7999999999999999,192.89472079852493
699,7211760,0.5167090105330256,0.8275862068965517,198.34086773077252
700,1739949027608577,0.6247800276912742,0.7482758620689653,0.6541212805022741
701,1710303068652546,0.5873528476589555,0.6964285714285714,171.7583663757846
702,1743478384979986,0.6942004269911465,0.696551724137931,0.5625835440760762
703,1694281660376066,0.5320026015775124,0.6551724137931034,187.14902705457905
704,1694737747315714,0.6084022691421354,0.6724137931034483,196.93518698086586
705,1730993346971650,0.5552076125414425,0.7344827586206898,190.17895987248525
706,1772302280493057,0.6215790241487543,0.9275862068965518,0.5330307980444393
