id,countries,handling_time,score,mod_score_category
1686755036370945,['RO'],3.074014768009014,0.7502808071312327,>50%
1741913197768705,['VN'],3.2815083516007553,0.8348730935625204,>50%
1743415203890193,"['MX', 'UY', 'CL', 'AR', 'CO', 'EC', 'PE', 'BR']",3.4529582452772623,0.7964559542113353,>50%
1710346282427393,['PH'],3.4801296424168475,0.7982364511729511,>50%
1693678171087873,['VN'],3.2685311686457874,0.7672894085681834,>50%
1694041901312002,['TR'],3.4893349525431248,0.8329305438541139,>50%
1710346245842945,['PH'],3.348353543006408,0.8097411838726032,>50%
5090932,"['AU', 'NZ', 'SG']",3.565914316448784,0.8863542659118125,>50%
1737654173573122,['VN'],3.549557063276216,0.7554729624313712,>50%
1752804614390817,"['MX', 'UY', 'CL', 'CO', 'AR', 'EC', 'PE', 'BR']",3.378110044789095,0.8060649437981425,>50%
2735217,['VN'],0.01,0.7481292608793543,>50%
1758321775497234,['KH'],3.4760880251339557,0.7484032233077722,>50%
8626002,['TH'],3.5571900352879777,0.7468772558864464,>50%
1732422617628673,['ID'],3.4931393151821006,0.7552305342392623,>50%
1671850168837125,"['SA', 'BH', 'OM', 'QA', 'JO', 'IQ', 'KW', 'LB', 'EG']",0.01,0.838657487819804,>50%
1773654622274561,['KH'],3.4996563228611146,0.7399399514150667,>50%
8239853,"['AU', 'PH']",3.0189676020245217,0.8354760020441234,>50%
1735138527102977,['IT'],3.203435275247039,0.7416607563930748,>50%
1724471787931649,"['SA', 'BH', 'OM', 'QA', 'JO', 'IQ', 'KW', 'LB', 'EG']",3.5753563618322244,0.7437475547252902,>50%
1769227294348322,['NL'],3.061208177378107,0.779403897731151,>50%
1999691,"['TW', 'KR', 'SG']",3.547938179687335,0.7776369294973849,>50%
5377569,"['MY', 'ID']",3.5151724098855266,0.7407669967594169,>50%
1736487754076162,['ID'],3.559544583324324,0.818014316102352,>50%
1695769015370753,"['MX', 'UY', 'CO', 'CL', 'AR', 'EC', 'PE', 'BR']",3.5324102321986683,0.7501324124914639,>50%
8902072,['JP'],0.01,0.9223533957458803,>50%
8938999,"['UA', 'RU', 'BY']",0.01,0.9505367116801711,>50%
1762779837863938,['CZ'],3.3580240592490576,0.8157673525712491,>50%
1738944494259201,['GR'],3.5040056920596268,0.8066627063266751,>50%
1729880322678785,['ID'],3.4824390840575847,0.7667821541074727,>50%
5608898,"['US', 'CA']",3.5044832168592035,0.8455517132353734,>50%
1752289495219201,"['US', 'CA']",3.478957445871523,0.7598465988107038,>50%
5799635,['TH'],3.496403733808859,0.7532642091167125,>50%
1741279730538497,['VN'],3.5270577135006542,0.742283042176948,>50%
1693560602235905,['VN'],3.396581575313302,0.7662322357868223,>50%
1736753775507458,['ID'],3.3935414417520016,0.858460592298365,>50%
1669724932562950,['JP'],3.342446584040724,0.7428747475315688,>50%
1749003786899457,['NL'],0.01,0.91979127611549,>50%
1771651753636866,['PH'],3.0425031886503775,0.7460218750367148,>50%
1693539332832322,['VN'],3.4853943133819176,0.7647311761978459,>50%
1750192205585409,['IT'],3.4270801177951014,0.7582956682886446,>50%
1301929,"['AU', 'NZ', 'SG']",3.5709241988750406,0.8192279692474763,>50%
1713476001087489,['PK'],3.5451411759833955,0.808768873086223,>50%
1736487393897473,['ID'],3.5247905549531966,0.8267736256195949,>50%
1736353473938434,"['MX', 'UY', 'CO', 'AR', 'CL', 'EC', 'PE', 'BR']",3.431886237305581,0.7593309586163014,>50%
1747021185229826,"['SA', 'OM', 'BH', 'QA', 'JO', 'IQ', 'KW', 'MA', 'EG', 'LB']",3.5497355896315703,0.8059258929446118,>50%
1736770021242882,['TH'],3.262223493280526,0.7498342849866362,>50%
8831199,"['AU', 'NZ', 'SG']",3.6533528005217484,0.7818915655467404,>50%
9052960,"['SA', 'OM', 'BH', 'QA', 'DZ', 'AE', 'JO', 'IQ', 'KW', 'TN', 'MA', 'LB', 'EG']",0.01,0.760085819154508,>50%
1724470454753282,"['SA', 'OM', 'BH', 'QA', 'JO', 'IQ', 'KW', 'EG', 'LB']",3.6786642574148947,0.822478252993522,>50%
3172398,"['KR', 'SG']",3.553351774427162,0.7997425735184327,>50%
1724922721733634,['NL'],3.427109477434242,0.8009077193878151,>50%
9558788,"['AU', 'NZ', 'SG']",3.4316585845730563,0.8214782822353333,>50%
1768117920687106,['DE'],0.01,0.8147443712694964,>50%
1752697349807106,['TW'],3.490381327254238,0.7628084196118593,>50%
1691852985713666,['PH'],3.4759538251109756,0.8625779102311488,>50%
1770122728378385,['MY'],3.4691666130063004,0.7766812113640986,>50%
1747095981573122,['NL'],3.579545040732036,0.7843779805705999,>50%
1726119572275202,"['US', 'CA']",3.3709380030435545,0.7445436214286953,>50%
1716223451261954,"['MX', 'UY', 'CL', 'AR', 'CO', 'EC', 'PE', 'BR']",3.479784625655587,0.7854295258261826,>50%
1752791904934914,"['MX', 'UY', 'CL', 'AR', 'CO', 'EC', 'PE', 'BR']",3.4740970037866066,0.8371013906933992,>50%
7752505,"['US', 'CA']",3.4722697744763984,0.8984547731841633,>50%
1703159220924418,['GR'],3.458922129949299,0.8149601405360511,>50%
1686664926599170,['PH'],3.4245481491050436,0.862044004456534,>50%
1761882871064593,['DK'],0.01,0.8907539203044025,>50%
1727248549938177,['PK'],3.508217562730589,0.7915304050723426,>50%
1703821567576065,"['US', 'CA']",3.2429961944559986,0.7553570538192091,>50%
1746474353707041,"['SA', 'BH', 'OM', 'QA', 'JO', 'IQ', 'KW', 'MA', 'LB', 'EG']",3.367358639987692,0.8634092140407934,>50%
1772371860026402,['GB'],3.472377193585564,0.8385184971388527,>50%
1714605731150850,"['MX', 'UY', 'CL', 'AR', 'CO', 'EC', 'PE', 'BR']",0.01,0.8548842454789412,>50%
1736487767198722,['ID'],3.494548546194889,0.8149525535354021,>50%
1736487575404546,['ID'],3.49208175759985,0.823036669539001,>50%
8035393,"['MY', 'ID']",3.416157092166853,0.7770589109891828,>50%
1703396559410178,"['US', 'CA']",3.2917925658257587,0.7757450249642175,>50%
1724185616760833,"['SA', 'OM', 'BH', 'QA', 'JO', 'IQ', 'KW', 'LB', 'EG']",3.4759538251109756,0.7659779511932471,>50%
1724470463815682,"['ZA', 'BH', 'SA', 'OM', 'QA', 'JO', 'IQ', 'KW', 'MA', 'EG']",3.519275645502122,0.8065214367856826,>50%
5388029,['KR'],3.255022971264599,0.7439830659455876,>50%
1815126,['TH'],3.5000139667574444,0.8016458338395441,>50%
1649165526729733,['JP'],3.3453519716376,0.7746481340529554,>50%
1693948493861890,['RO'],0.01,0.9300397546370504,>50%
1912879,['TW'],3.52904102654496,0.7803121170826982,>50%
1695027604731906,['FR'],3.630521042299157,0.814928971359664,>50%
1735138375955458,"['MX', 'CL', 'AR', 'CO', 'PE']",3.3495420700766627,0.7596029666708612,>50%
1748544247125042,"['MX', 'UY', 'CO', 'CL', 'AR', 'EC', 'PE', 'BR']",3.372995193842746,0.8150135283926759,>50%
1739288550742017,['MY'],3.4934900309626435,0.8505600403425796,>50%
1771651748366337,['PH'],3.524854278225634,0.7514323590635356,>50%
1705699742139394,['KH'],3.4062233308857923,0.7879835512076967,>50%
1695273683331074,['TW'],3.5008142450451802,0.7692624772722091,>50%
1748546108353569,"['MX', 'UY', 'CL', 'AR', 'CO', 'EC', 'PE', 'BR']",3.553204378557453,0.9019694760402964,>50%
1715243011305474,"['MX', 'UY', 'CO', 'AR', 'CL', 'EC', 'PE', 'BR']",3.4514215980073883,0.8663430309039041,>50%
1695527526423554,['MY'],3.4013830003850676,0.8865450414185171,>50%
1686232012600322,['TR'],3.538277042221876,0.7765971166598477,>50%
1764761367947282,['FI'],3.858773049814849,0.7399648793143392,>50%
1772265394873346,['ID'],3.276842132583136,0.746524930269187,>50%
1736353489446913,"['MX', 'UY', 'CL', 'AR', 'CO', 'EC', 'PE', 'BR']",3.5248144527564764,0.7612795932149558,>50%
1696369097856001,['MY'],3.258070316729467,0.7518275355976092,>50%
1724426830167041,['PK'],3.473543701959386,0.7610072690517073,>50%
1717152819047426,"['US', 'CA']",0.01,0.9121049172243197,>50%
1741850392320017,['VN'],3.4708952330572096,0.8000998635359804,>50%
2058592,"['MY', 'ID']",3.3475999738679927,0.7832078842632663,>50%
1736955027658753,['ES'],0.01,0.8924620000579958,>50%
1735501938296834,['CZ'],3.3656856310419756,0.8004073994094569,>50%
1748619681801218,"['MX', 'UY', 'CO', 'CL', 'AR', 'EC', 'PE', 'BR']",3.4704091639326404,0.7582937415495832,>50%
1714875416888321,"['MX', 'UY', 'CL', 'AR', 'CO', 'EC', 'PE', 'BR']",0.01,0.9018564387027594,>50%
5563535,"['US', 'CA']",3.4140875194038616,0.8498660583933844,>50%
1672986746847238,['TR'],3.5053255690905147,0.7982609340936727,>50%
1755541489126450,['MY'],3.423346624230322,0.8441614116389237,>50%
1690239244530689,"['SA', 'OM', 'BH', 'QA', 'JO', 'IQ', 'KW', 'LB', 'EG']",3.428076747346791,0.8151633788536564,>50%
1732493811827713,['ID'],3.3873761408546423,0.7595273692358158,>50%
1724426811354114,['PK'],3.5738478218426306,0.7866732343510534,>50%
1717309548041217,['ES'],0.01,0.8728190828916718,>50%
1723656044244993,"['MX', 'UY', 'CO', 'CL', 'AR', 'EC', 'PE', 'BR']",3.470831739051776,0.7798700147442649,>50%
1694610948369410,['ID'],3.387873857313535,0.8349377972745453,>50%
1722169427595266,['PH'],3.5540370651480293,0.7868620950181615,>50%
1743478384980002,"['MX', 'UY', 'CO', 'CL', 'AR', 'EC', 'PE', 'BR']",3.4465818716029712,0.7447238806661733,>50%
7039799,['VN'],3.4204380519878326,0.7452969098916974,>50%
1721121602885634,['SE'],3.440398209517112,0.746711931940405,>50%
6073125,['JP'],3.4804035266711693,0.9802052203238939,>50%
1774283521390594,['FR'],3.2212003861201324,0.9621633081837617,>50%
3173062,"['TW', 'KR', 'SG']",3.47027559618917,0.7372478109640673,>50%
1695031190880258,['ID'],3.379659963587158,0.7690055438989496,>50%
1705324000866306,['ID'],3.390507671826266,0.8034458632587764,>50%
1730409705792513,['ID'],3.5187315780506547,0.794577721863303,>50%
1739401359705089,['VN'],3.48433655329112,0.7640131693048533,>50%
1724426772777986,['PK'],3.4169437723910874,0.837724499516326,>50%
1672987155331077,['TR'],3.4465921931276227,0.7844765260560594,>50%
1694647624630274,['TH'],3.4888657396096736,0.8040720139655705,>50%
1669223,"['US', 'CA']",3.3746501251941643,0.8246255099071437,>50%
1972062,['JP'],3.541223573106605,0.8018145733257167,>50%
1686665037198402,['PH'],3.4402120288739986,0.8152133693842072,>50%
1747655395696658,['FR'],3.436830334208261,0.7402102163918874,>50%
1742577881965569,['NO'],3.5068962077042682,0.7561282517261302,>50%
1772379228620801,['IT'],3.3454626059787897,0.7605478277347131,>50%
1723453161441282,['TH'],3.487147047946666,0.8628174818924766,>50%
6768191,['TH'],3.477727928516975,0.8119055432163534,>50%
1702103753027586,['FR'],3.192604674518573,0.781206299334691,>50%
1750192610892818,['NL'],0.01,0.9121049172243197,>50%
1691841339811842,['PH'],3.0687695970757245,0.8783695100781798,>50%
1752090693569553,['SE'],3.5208912304613826,0.8841597664756835,>50%
1746505981460529,"['SA', 'BH', 'OM', 'QA', 'JO', 'IQ', 'KW', 'MA', 'LB', 'EG']",0.01,0.8514680859717545,>50%
1717232583006210,['SE'],3.32248738625747,0.8197484887574671,>50%
1693589837272065,['VN'],3.4862975937955856,0.782764425152478,>50%
1765400800943137,['FR'],3.3287328502232483,0.7609213936625815,>50%
1695548425347074,['TW'],3.4644658295230273,0.7657369665777216,>50%
1736487925281793,['ID'],3.505251921607864,0.7405600055819529,>50%
1717872951315457,['PL'],0.01,0.8984402791955727,>50%
5398752,"['VN', 'AU', 'NZ']",3.503968709234241,0.7638463142932382,>50%
1690696958530561,"['US', 'CA']",0.01,0.8497600062181611,>50%
1731137385143297,"['TW', 'MY']",0.01,0.8779433221524521,>50%
1771766145225730,['IL'],3.477252744433332,0.7366630134297457,>50%
5081203,"['US', 'CA']",0.01,0.9505367116801711,>50%
8121360,['VN'],0.01,0.9223533957458803,>50%
1695029371415554,['DE'],0.01,0.9163751166083034,>50%
1709515822030849,['GR'],3.4273515855832235,0.7586511653540338,>50%
1731051715822594,['MY'],3.4998726903574555,0.8228973608529806,>50%
1673359260380165,"['SA', 'BH', 'OM', 'QA', 'JO', 'IQ', 'KW', 'EG', 'LB']",3.1184829366966715,0.7904332428373652,>50%
1743478384978962,['VN'],3.569814495290098,0.7644663387832521,>50%
8750521,"['US', 'CA']",3.5275817332580024,0.8862033362983984,>50%
1773649308319745,['DE'],3.240344304599374,0.738956762989037,>50%
7078503,"['VN', 'ID']",3.4803020030622753,0.8064467138189364,>50%
1695192877708290,"['SA', 'ZA', 'OM', 'BH', 'QA', 'JO', 'PK', 'KW', 'LB', 'EG']",0.01,0.8941700798115892,>50%
1695769088444418,"['MX', 'UY', 'CO', 'CL', 'AR', 'EC', 'PE', 'BR']",3.380889918516956,0.7501759602065391,>50%
1695524452908033,['MY'],3.4836404739540177,0.7524771200585942,>50%
1730417208825858,['VN'],3.4742979533172584,0.8036839031465495,>50%
1734414427011073,['IT'],3.3336938505535993,0.7542160048710317,>50%
1755261176398946,['DK'],3.5320993634035935,0.7349121325412274,>50%
1686785566494722,['TR'],0.01,0.9394341932818141,>50%
1749551875837986,['HU'],3.0518924436609005,0.7448974185660792,>50%
7775518,"['VN', 'AU', 'NZ']",0.01,0.8745271626452652,>50%
1700717285620737,['GR'],3.489940562914904,0.7781187683070715,>50%
1693810939049985,['KR'],3.3856086967080197,0.7642652197518461,>50%
1711434786638849,"['MX', 'CL', 'AR', 'CO', 'PE']",3.518096948547697,0.7422222385931468,>50%
1757328405260290,['TH'],3.398520193182949,0.7878388518824158,>50%
1708990849970178,"['SA', 'BH', 'OM', 'QA', 'JO', 'IQ', 'KW', 'EG', 'LB']",3.483722627944177,0.7504469048364368,>50%
5286693,['JP'],0.01,0.860862524616518,>50%
1730406207574018,['VN'],3.351745072988872,0.8369459369146952,>50%
9075895,['ID'],3.4358657954194154,0.7975492618917757,>50%
1694647715227650,['TH'],3.232693450646965,0.7687161615999076,>50%
1724427189184514,['PK'],3.462272308344514,0.8006022787902726,>50%
9832298,"['US', 'CA']",0.01,0.9129589571011165,>50%
8905119,['VN'],3.517811744740114,0.7508133206147106,>50%
1700717203544066,['GR'],3.478799777805705,0.7784478958861546,>50%
8636306,"['US', 'CA']",3.537987410254111,0.8198962986371534,>50%
1717301867452418,['DE'],3.218912689431246,0.7440263074338105,>50%
1719094834709505,['TH'],3.5546221907629176,0.7765831033578343,>50%
1694644258242562,['SE'],0.01,0.8805054417828421,>50%
1730406173728769,['PK'],3.4638165942121177,0.7942628920504344,>50%
1752289495218225,['DE'],0.01,0.8565923252325346,>50%
6085577,"['US', 'CA']",3.517156113477265,0.8776705952475139,>50%
1694584031755266,['ID'],3.2714704015065577,0.842767326439293,>50%
1710592,"['SA', 'OM', 'BH', 'QA', 'DZ', 'AE', 'JO', 'IQ', 'KW', 'TN', 'MA', 'LB', 'EG']",0.01,0.7951014541031725,>50%
1690696921339906,"['US', 'CA']",0.01,0.8412196074501941,>50%
1741489031520322,['GR'],3.5758545485425914,0.8207037213749298,>50%
1688580837563393,"['SA', 'BH', 'ZA', 'QA', 'JO', 'IQ', 'PK', 'KW', 'LB', 'EG']",3.1103263966212613,0.7395108645603333,>50%
1774282580703234,['FR'],3.2241760223424,0.8654145550180896,>50%
1769302206223378,['IT'],0.01,0.801933773117546,>50%
1708585136236546,['VN'],3.4634816926088297,0.75745030319794,>50%
1735501614322689,['CZ'],3.4885245796734266,0.7934252234254815,>50%
1658495581892613,['JP'],3.4526144455736865,0.7879281969559913,>50%
1637679,['IT'],0.01,0.7609398590313047,>50%
1673348779685894,['JP'],3.513134190434964,0.7538517936981475,>50%
1769935154352129,['PT'],3.4397759873780593,0.7540212068278341,>50%
1749551102733346,['FR'],3.366355049928679,0.7371535637627307,>50%
1755170505776146,['DE'],3.070723335946942,0.7375088421934928,>50%
1729239939698689,['VN'],3.5404429921267635,0.7455010474216718,>50%
1694042067160066,['ES'],3.342723339800337,0.7582140483392219,>50%
1735589382242306,['GR'],3.4793219311655292,0.7371407944167884,>50%
2500551,['TH'],3.473936776320632,0.7963043665821554,>50%
1707136234999809,['VN'],3.387078792703738,0.7732268388029073,>50%
1732544052753410,"['MX', 'UY', 'CO', 'AR', 'CL', 'EC', 'PE', 'BR']",3.5839079127044506,0.7464649883337108,>50%
1694560071360513,['TH'],3.398104378888584,0.8378529622498108,>50%
5858713,"['US', 'CA']",3.537139785403836,0.8989372227678356,>50%
1672105296352262,"['SA', 'BH', 'OM', 'QA', 'JO', 'IQ', 'KW', 'LB', 'EG']",3.0493127582776944,0.8588589394316042,>50%
1672986827202566,['TR'],3.3513255677628804,0.7486520517260529,>50%
5311062,"['US', 'CA']",3.499780392523359,0.863609158226672,>50%
1737385931936769,['MY'],3.4664245317679754,0.9138830431699512,>50%
1768474128071713,"['MX', 'UY', 'CO', 'AR', 'CL', 'EC', 'PE', 'BR']",3.4215652274437227,0.7728957295100267,>50%
1772265209854994,['ID'],3.416495577879029,0.8077378850670348,>50%
1739658380282881,['ID'],3.4775571967963455,0.8113371526450749,>50%
1695027942470657,['GB'],3.500304960738575,0.789799497745284,>50%
1686044610970626,['TR'],3.535288648839082,0.8162160086804577,>50%
1701877328285698,['PH'],3.248569378416863,0.8619415319444359,>50%
1739663,"['TW', 'KR']",3.550155810165805,0.7920234564485066,>50%
5385752,['VN'],3.458869280864289,0.7617994890116503,>50%
3639978,"['AU', 'MY']",3.55835178461953,0.7735781850523771,>50%
1263657,"['PH', 'ID']",3.4770661933947276,0.7819825820403571,>50%
1698794983674882,['VN'],3.0632725357179624,0.7995785509872467,>50%
9317729,"['ES', 'SG']",3.4261759123807822,0.7361666229985229,>50%
1738425578529794,"['MX', 'UY', 'CO', 'CL', 'AR', 'EC', 'PE', 'BR']",3.414596681564223,0.7780073063321669,>50%
1724427024360449,['PK'],0.01,0.8924620000579958,>50%
1756413186738241,['TW'],3.5558609318814414,0.8032602899726727,>50%
1771651753127937,['PH'],3.4930832808098713,0.7812980665854772,>50%
1726740282128385,['NL'],3.4600857655931145,0.8608505641898077,>50%
1732493853545473,['ID'],3.3886584974689797,0.8053014390427522,>50%
1691911847674882,['PH'],3.4742540070343946,0.8150848420393088,>50%
1749551102733314,['HU'],3.5051187440135814,0.7858772201910426,>50%
1743843711746081,['JP'],3.252337624681584,1.0,>50%
7006780,['AU'],3.2606225820949746,0.807396934485289,>50%
1772265481709569,['ID'],3.496558305401546,0.7780438778487734,>50%
1748303624947714,['PT'],3.3788127994251664,0.7486359698203486,>50%
8792117,"['MY', 'ID']",3.563791189040668,0.7646652409086137,>50%
1721013871652866,['TH'],3.4839233547505537,0.7966676272432328,>50%
1695025787506689,['FR'],3.4863156921942253,0.7496989867388014,>50%
1694616462059521,['TH'],3.4024401356913936,0.8753964093589894,>50%
1770378596425745,['GB'],3.3523990914796684,0.7547577614352665,>50%
1768211443916817,"['MX', 'UY', 'CL', 'AR', 'CO', 'EC', 'PE', 'BR']",3.471884014529314,0.9095038656663816,>50%
2712226,['JP'],3.48880292331691,0.8825310861897545,>50%
1672026730048518,['ME'],3.4421490031666577,0.8938962383105303,>50%
1761892264652834,['DK'],3.5368056820946325,0.7551699100849603,>50%
7259797,"['US', 'CA']",3.415981995629389,0.8769901100216312,>50%
1728803985053697,['VN'],3.4150438823157026,0.8302306413521585,>50%
1686761582885889,['RO'],3.396577515045837,0.7494388494223952,>50%
1734911759996929,"['US', 'CA']",3.4616314273118975,0.7848864047342008,>50%
1768214539706386,"['MX', 'UY', 'CO', 'CL', 'AR', 'EC', 'PE', 'BR']",3.384972238331121,0.8703430980061322,>50%
1712377365906433,['KH'],3.4929623290881318,0.8040870519644618,>50%
1708911588315137,['RO'],3.362488872968646,0.7834607143222532,>50%
3823395,"['ES', 'SG']",3.4739996207558077,0.7700987540532097,>50%
1757803306771458,['IL'],3.4923391027458806,0.7645785160528463,>50%
3139936,"['US', 'CA']",3.4775634069143844,0.8383077007088472,>50%
5073882,"['US', 'CA']",3.4781992674256434,0.854054496577885,>50%
2398007,"['AU', 'NZ']",3.565290322783629,0.7894203968858653,>50%
1749554287819777,['HU'],0.01,0.8770892822756553,>50%
3731581,"['US', 'CA']",3.4502953961280514,0.9457659498964534,>50%
3376191,"['US', 'CA']",3.4155171167681084,0.8739885255349574,>50%
9660890,['TH'],3.471770089483913,0.7686736756851391,>50%
1752511011701794,['MY'],0.01,0.9505367116801711,>50%
1694617137465346,['TH'],3.271857282231629,0.7747516775124369,>50%
1769753719517217,['TR'],3.589499429037088,0.78660337445635,>50%
1686044715023361,['TR'],3.4774640296945494,0.8065606225963055,>50%
1738295845374977,['VN'],3.4690133296393166,0.7422861956951025,>50%
1757699691554817,['TH'],3.498024252940925,0.7911482024958508,>50%
1700711909345282,['TR'],3.548088168367553,0.7800298940996337,>50%
1712656329125890,['MY'],3.2399557592937813,0.791904703042462,>50%
1738944960547842,['GR'],3.511076560265912,0.821519521256965,>50%
1693631923842050,['VN'],3.4791551874150857,0.7348676172334278,>50%
1714594710759425,"['MX', 'UY', 'CL', 'AR', 'CO', 'EC', 'PE', 'BR']",3.4742822589505256,0.7893125403232616,>50%
1766581327986690,['TH'],3.487862108161089,0.7945928445184481,>50%
1710178216772609,"['US', 'CA']",3.3611494991553235,0.7605158107659704,>50%
1696840306714625,['PT'],0.01,0.9035645184563528,>50%
1721098830726145,['ID'],3.265487835628819,0.7645949655976051,>50%
1658495634612229,['JP'],3.3612590587877826,0.7412847856344139,>50%
1746897955103761,"['SA', 'OM', 'BH', 'QA', 'JO', 'IQ', 'KW', 'MA', 'LB', 'EG']",3.259652832827913,0.7997189765777698,>50%
1739288728407042,['MY'],3.282718491300462,0.8262957879992127,>50%
1739401456230402,['VN'],3.4030567488197545,0.7486829166591197,>50%
1770594586507313,['FI'],0.01,0.7447131013721674,>50%
1711502694841346,"['MX', 'CL', 'AR', 'CO', 'PE']",3.452368152272354,0.777885569205513,>50%
6537093,"['SA', 'BH', 'OM', 'QA', 'AE', 'DZ', 'JO', 'IQ', 'KW', 'TN', 'MA', 'LB', 'EG']",0.01,0.7669181381688815,>50%
1721099016810497,['ID'],3.273357123353878,0.7900973059314045,>50%
9879733,"['US', 'CA']",3.584243940938159,0.9336444551521351,>50%
1694582808607746,['ID'],3.390532527294811,0.8214545329173606,>50%
1739401252016130,['VN'],3.454899083335175,0.8335820476121729,>50%
1713600848621569,"['SA', 'OM', 'BH', 'QA', 'JO', 'IQ', 'KW', 'LB', 'EG']",3.18963785556571,0.755644116045303,>50%
8886189,"['US', 'CA']",3.2869103485874955,0.8677166857898031,>50%
1693532818526210,['VN'],3.478994532277207,0.7588881289612104,>50%
1749552718474241,['FR'],0.01,0.8369494080662107,>50%
1704414376583169,['PH'],3.4464097942243423,0.856083095339674,>50%
1749551020194849,['FR'],3.4412888813876368,0.8082512154783565,>50%
1719382326193154,['SE'],3.3382694391814605,0.8218797755095646,>50%
1769411685685282,['HU'],3.5671699867320235,0.8154605445281191,>50%
8391567,['TH'],3.4836404739540177,0.7711823081883344,>50%
1710756639046657,['VN'],3.3800848000764474,0.7838621565710602,>50%
8585325,"['KR', 'JP']",3.42975477332525,0.9163507075679003,>50%
1704427736737794,['RO'],3.3926172293705426,0.7534929887751622,>50%
1696572963308546,"['MX', 'CO', 'CL', 'AR', 'PE']",3.3917149375256304,0.8193973434543914,>50%
1759306276576305,['TH'],3.4841148332037553,0.7941795953046185,>50%
1751009463292962,['MY'],3.4953458592516373,0.7395297113419834,>50%
1716493181062146,['DE'],0.01,0.9249155153762703,>50%
1729988924221442,['PL'],3.513192143590105,0.7960406028866138,>50%
1729801759373313,['PL'],3.4446593679511235,0.7909344886522696,>50%
1722217048904706,['PT'],3.447814515519239,0.8153468018036399,>50%
1735485286311938,['ID'],3.464306895943711,0.7648972410177322,>50%
1752720343698450,['DE'],0.01,0.8531761657253477,>50%
1694617222918145,['TH'],3.493913882485912,0.852401696466012,>50%
1695745664654337,['PT'],3.372621800627639,0.7651909849879773,>50%
1739288436103169,['MY'],3.473855058994114,0.8451103878066795,>50%
1710303056363522,['PH'],3.4394062656616087,0.8005402301535077,>50%
1695831473041410,['PH'],3.0820609410079,0.8083786907991384,>50%
1728803946082306,['VN'],3.4807324746824073,0.7402932361847853,>50%
1755541489127442,['TH'],3.2759837249636976,0.8315521883526444,>50%
1696563280934914,['DE'],0.01,0.743005021618574,>50%
6552319,"['US', 'CA']",3.6132309956848774,0.7800132238184649,>50%
1734415103300609,['NL'],3.226816425439824,0.9179242302697073,>50%
7207797,"['TW', 'KR', 'SG']",3.473483909826926,0.7867771721272382,>50%
1737385910931458,['MY'],3.476081784594925,0.868986125971485,>50%
1695601116227585,"['MX', 'UY', 'CO', 'AR', 'CL', 'EC', 'PE', 'BR']",3.357479195822229,0.7694135112607688,>50%
8320536,"['TW', 'KR', 'MY']",3.5291169475706647,0.7965815579040327,>50%
1668385922699269,"['SA', 'OM', 'BH', 'QA', 'JO', 'IQ', 'KW', 'LB', 'EG']",0.01,0.8565923252325346,>50%
1739401440195586,['VN'],3.410076212833375,0.7697785555829666,>50%
1736487625947138,['ID'],0.01,0.9086887577171329,>50%
1755541489127426,['TH'],3.4888956475371895,0.7626459078814061,>50%
1707039421947906,['VN'],3.478771945480366,0.7923473818342751,>50%
8959882,['JP'],3.4101422125612904,0.8625045981958575,>50%
1125738,"['AU', 'PH']",0.01,0.8420736473269907,>50%
1693570916755458,['VN'],3.482985485814944,0.7690043048732508,>50%
1772381082377217,['IT'],3.4249549893791467,0.7430653236267615,>50%
2779680,"['US', 'CA']",3.29584981064966,0.8839512743119042,>50%
1724426780891138,['PK'],0.01,0.889045840550809,>50%
1707594790858753,['TH'],3.2656883410236928,0.7914255703840842,>50%
1727251400013825,['TW'],3.481729423976783,0.7813257769730735,>50%
1773821208648705,['FR'],3.220291754507722,0.8006978394078255,>50%
1694642426071042,['TH'],0.01,0.8916079601811993,>50%
1726904276471809,['NL'],3.3756309137981733,0.7375627102060411,>50%
1717387827033089,['NL'],3.363360369817015,0.7500657303700625,>50%
1658495710301189,['JP'],3.1032656442432724,0.7648457966408372,>50%
1714611028454401,"['OM', 'BH', 'QA', 'JO', 'IQ', 'KW', 'MA', 'LB', 'EG']",3.563214229980179,0.7788749278073482,>50%
1732374832822274,['VN'],3.4867376804689685,0.7508356196792207,>50%
2287729,"['AU', 'NZ', 'SG']",3.4342429887902783,0.8485867165977359,>50%
1773654622274577,['IT'],3.1917656979032345,0.8214702623745037,>50%
7550336,"['US', 'CA']",3.4496421763247285,0.8827155819039246,>50%
1734581654195201,['JP'],0.01,0.9505367116801711,>50%
1714297345849346,['JP'],2.9481903618170837,0.8193808613423985,>50%
1700618236673025,['KR'],3.3954140318379253,0.7603487105406592,>50%
8997707,"['MX', 'UY', 'CO', 'CL', 'AR', 'EC', 'PE', 'BR']",3.716476378818206,0.7378479214396595,>50%
9221676,"['US', 'CA']",3.4310144460818712,0.9074183324488938,>50%
1729881220899841,['ID'],3.5286794853751267,0.7410403232750631,>50%
1717156007162882,"['US', 'CA']",3.3953814223043364,0.7460865851831439,>50%
1717766044988418,['GR'],3.556898898138511,0.7831710044024799,>50%
8920962,"['US', 'CA']",3.5479750690586966,0.846808822380169,>50%
1698909271368705,['NL'],3.2705226007832704,0.8328031510533837,>50%
1736947320740865,['ES'],0.01,0.8335332485590239,>50%
8905332,['US'],3.4229376094376556,0.7663490078084007,>50%
1686046427415554,['GR'],0.01,0.8830675614132322,>50%
1671848935147526,['SA'],0.01,0.9240614754994735,>50%
1694797801980930,['TH'],3.4973183453317778,0.8112960558373302,>50%
1772265394873378,['GB'],3.253546378846582,0.8009025169373442,>50%
1719286998471682,['SE'],3.5326328247729917,0.8089925790897741,>50%
1701278640652289,['DE'],0.01,0.8267009295446501,>50%
1761689696230402,['PT'],3.5203123401427634,0.7871297378112125,>50%
1769748362234898,['RO'],3.2181878002553943,0.8008299350372461,>50%
1689864511333377,['TR'],0.01,0.9163751166083034,>50%
1736487431998466,['ID'],3.480551136461271,0.7932176942796999,>50%
1710346242337793,['PH'],3.4317128031759987,0.7389253509328053,>50%
1710771975882753,['VN'],3.470231060473908,0.7678284349198824,>50%
1695096148334594,['NL'],3.4039575221449776,0.8424145057498019,>50%
6898313,"['SA', 'BH', 'OM', 'QA', 'DZ', 'AE', 'JO', 'IQ', 'KW', 'TN', 'MA', 'LB', 'EG']",0.01,0.7532535001401344,>50%
1747029102355473,['IT'],0.01,0.8224307301606667,>50%
1721716500382722,['VN'],3.485757158659121,0.7703804750144663,>50%
3709966,"['US', 'CA']",0.01,0.9505367116801711,>50%
1719121617233921,['GB'],3.2285922841193715,0.7573354396498754,>50%
1750192071466001,['NL'],3.394266505873117,0.7662395896030779,>50%
6251180,"['VN', 'PH']",3.454440184553419,0.8087750627067932,>50%
9627209,"['KR', 'ID']",3.461176099062635,0.8211550220296808,>50%
7183392,"['VN', 'AU', 'NZ']",3.455404070148168,0.7831540560988223,>50%
1714754321751042,['KR'],3.3716091210827575,0.7547364203786114,>50%
7568002,"['AU', 'NZ', 'SG']",3.4987545661826918,0.7665355371931375,>50%
1771418356314129,['PH'],3.5043923179639713,0.7685475701875832,>50%
1767847119851538,['TW'],3.4646084741319685,0.7748079159120185,>50%
1770215386063954,['JP'],3.355122218742485,0.7487338132139372,>50%
1704519112653825,['ID'],3.497068122007809,0.8339627339196198,>50%
2927720,"['US', 'CA']",3.5138812089854237,0.9019484409064096,>50%
1686044761231362,['TR'],3.557292582326419,0.8165607761031496,>50%
7857161,['ID'],3.693899252077874,0.7646331847123581,>50%
1755920005991426,['FI'],0.01,0.8489059663413644,>50%
1763709643174962,['NO'],3.270996873062712,0.7760181211557039,>50%
1729882976480257,['ID'],3.4777868861362418,0.806644732201534,>50%
1686669003006977,['PH'],3.431238964930803,0.8589143524931706,>50%
1752272576137233,['PT'],0.01,0.8898998804276058,>50%
1686044707253249,['TR'],3.4762315219426605,0.8258759724848169,>50%
1772898848026689,['TW'],3.4638230934806318,0.7405483305028703,>50%
1725363568499714,['GR'],3.424229691693797,0.777746512616223,>50%
6080830,"['MY', 'ID']",3.449975767177347,0.802505826921728,>50%
1725713319695361,['KR'],3.475694619045496,0.7679257240437721,>50%
1704414382510081,['PH'],3.3529391170478835,0.8141726467975715,>50%
1686669022776321,['PH'],3.4699859965441795,0.8159602374351047,>50%
9256168,"['US', 'CA']",3.2407255470016967,0.8799295786918347,>50%
1649165395330053,['JP'],3.141037041803031,0.7508585589822848,>50%
1695752699794433,"['MX', 'CL', 'AR', 'CO', 'PE']",0.01,0.8924620000579958,>50%
1732050157733890,['VN'],0.01,0.8617165644933148,>50%
1726915536582658,"['MX', 'UY', 'CO', 'CL', 'AR', 'EC', 'PE', 'BR']",3.4065338486995804,0.7421787509949682,>50%
1737407724728322,['TH'],3.4924189239013548,0.7547005114615807,>50%
1673359560577030,"['SA', 'OM', 'BH', 'QA', 'JO', 'IQ', 'KW', 'EG', 'LB']",0.01,0.8924620000579958,>50%
1736956246305793,['FR'],3.5281599950254865,0.7846678044825475,>50%
9765857,['VN'],3.5197944377758756,0.8331595895274255,>50%
5323368,"['AU', 'NZ', 'SG']",3.5703127680637987,0.7647241319825557,>50%
1767847119851522,['TH'],3.4991046057052406,0.7670910029764189,>50%
1691180447734785,['JP'],3.285781398814146,0.7766139823559827,>50%
1686041565040641,['TR'],0.01,0.8967321994419793,>50%
1749551236322305,['HU'],3.441281878476312,0.7451188130862296,>50%
2726180,"['US', 'CA']",3.4774174353604224,0.8238539653972311,>50%
1739401463816194,['VN'],3.472247654032489,0.8522335476853509,>50%
7960156,"['AU', 'TW', 'KR']",3.4680407236300503,0.762295692624238,>50%
3195369,"['AU', 'NZ', 'SG']",3.277258366708634,0.8040830698609518,>50%
1672986645879813,['TR'],3.4792447464324288,0.772825092277069,>50%
1669008361646085,['JP'],3.551903697220488,0.8455171126350579,>50%
1755256243961858,['DE'],0.01,0.8053499326247329,>50%
5897557,"['TH', 'KH']",3.398249777148067,0.8104957294797402,>50%
7615952,"['US', 'CA']",3.5945469955356217,0.9158482574940399,>50%
5320637,"['TR', 'GB', 'IE']",0.01,0.8770892822756553,>50%
1699455852640258,['FI'],0.01,0.9505367116801711,>50%
1746933506576386,"['SA', 'OM', 'BH', 'QA', 'JO', 'IQ', 'KW', 'MA', 'EG', 'LB']",3.5053425621125442,0.8017525867098644,>50%
1754509725670401,['TW'],3.4135467916266897,0.756129571656224,>50%
3870531,['BY'],0.01,0.9505367116801711,>50%
1768147951861793,"['MX', 'UY', 'CO', 'CL', 'AR', 'EC', 'PE', 'BR']",3.447632853777878,0.8746661212030337,>50%
1690600005280769,"['SA', 'OM', 'BH', 'QA', 'JO', 'IQ', 'KW', 'LB', 'EG']",3.410188791919673,0.8764140941295274,>50%
1728866658882562,['ID'],3.486487572894324,0.7778408846960132,>50%
1771649360667698,['JP'],3.476346893818753,0.8216741110381818,>50%
1771766145225762,['JP'],3.1454905766637227,0.7584958179531254,>50%
2259209,['VN'],3.5300969692877784,0.7733588644286764,>50%
1695311101589506,['TW'],1.4151400853816205,0.8524282536293694,>50%
1724470451737666,"['SA', 'OM', 'BH', 'QA', 'JO', 'IQ', 'KW', 'LB', 'EG']",3.6324289175583804,0.7987790468401669,>50%
1719659311157249,['TH'],3.552633446995914,0.8410921558653957,>50%
1735138344199169,['NL'],3.437426733550469,0.7456500047242604,>50%
1738944561390594,['CZ'],0.01,0.9172291564851,>50%
1737386027356162,['MY'],3.4570303287950495,0.8373376993296192,>50%
1730406060776449,['ID'],3.49222376825306,0.8248909798910313,>50%
1741913158257666,['VN'],3.428299805274982,0.8368028610349749,>50%
1193822,"['US', 'CA']",3.452604327888871,0.8737018657505449,>50%
1736488213441537,['ID'],3.4918271546802018,0.769841846519674,>50%
1736487777311745,['ID'],3.54659479978453,0.8522743510716035,>50%
1689841489642498,"['SA', 'OM', 'BH', 'QA', 'JO', 'IQ', 'KW', 'LB', 'EG']",3.6581403662342087,0.7757401696621932,>50%
5390991,"['US', 'CA']",0.01,0.9061266380867429,>50%
1706957000738817,['VN'],3.480892207952102,0.7599963979781084,>50%
5222102,"['KR', 'ID']",3.4743199240602083,0.7574641498720647,>50%
1752275425169409,['PT'],3.48060954540582,0.8150674229519178,>50%
3657851,['VN'],3.252697489790127,0.79563391126505,>50%
1703429274086465,['MY'],3.3076607256062256,0.8881639284066192,>50%
1671849238077446,['ZA'],3.5793633566294543,0.7955841992007382,>50%
1738944757507074,['GR'],3.424066630012796,0.7836217453566959,>50%
1690666906975234,['VN'],3.551709446735229,0.7808142584213463,>50%
1710346229551105,['PH'],3.418639359769435,0.7523853564226196,>50%
1722268364673026,['PH'],3.55398885611701,0.8675473711175216,>50%
1754531766565889,['BR'],0.01,0.7874150952120023,>50%
5810618,"['VN', 'KH']",3.292607242329488,0.7812996430257435,>50%
1695535225123841,['PH'],3.4563715500144636,0.752862348484429,>50%
1693810919455746,['KR'],3.4749469851151646,0.7758939311705485,>50%
5831795,"['AU', 'NZ', 'SG']",3.382148957526346,0.8316971692456656,>50%
1736487925960705,['ID'],3.49002995904829,0.8128900809406313,>50%
3271035,['TH'],3.550470592191709,0.771646657225671,>50%
1695538424423426,['MY'],3.4580058713405717,0.8070484803455319,>50%
1710766312791041,['VN'],3.4754758384069753,0.7717295722291075,>50%
1729809218302977,['PL'],3.4983171700086397,0.7888266237693475,>50%
3026838,"['VN', 'PH']",3.6339162468117987,0.7642384014904098,>50%
5968689,['US'],3.495492195330549,0.832358505161684,>50%
1726740365038594,['FR'],3.4400257333520523,0.7678401321709298,>50%
1752092808077314,['PL'],3.4666660641550515,0.7437266256254463,>50%
2937155,['VN'],0.01,0.8506140460949577,>50%
1711506485296130,['FR'],3.5320812195065403,0.8426574598877217,>50%
1729975228311554,['IT'],3.4275495297665084,0.7359799928132426,>50%
6669692,['VN'],3.4616379737888887,0.7868782822463186,>50%
1123367,"['SA', 'BH', 'OM', 'QA', 'DZ', 'AE', 'JO', 'IQ', 'KW', 'TN', 'MA', 'LB', 'EG']",0.01,0.7694802577992718,>50%
1768119758272514,['FR'],3.398310339096671,0.7589125659191007,>50%
1732310494930946,['VN'],3.253585500779753,0.7724196616471259,>50%
1695096263485442,['SE'],0.01,0.8881918006740124,>50%
9656891,"['US', 'CA']",3.4577639387922225,0.8439563302618998,>50%
1729874440249346,['ID'],3.482258768256572,0.7704440116475024,>50%
1700060109672450,['MY'],3.5560860477841327,0.7641469787574018,>50%
9657251,"['US', 'CA']",3.29752295982928,0.8317249032408118,>50%
1686669704112129,['PH'],3.5088900733523807,0.8279780851879233,>50%
1671942835117061,"['SA', 'BH', 'OM', 'QA', 'JO', 'IQ', 'KW', 'LB', 'EG']",3.3534828617133834,0.7773390506846938,>50%
1714052438738946,['FR'],3.4965641367426854,0.9571130214367928,>50%
9616890,"['US', 'CA']",3.5518114438227912,0.9595633739839646,>50%
7900998,['PH'],3.525961973667094,0.7604140729088582,>50%
1768586056958977,"['MX', 'UY', 'CO', 'CL', 'AR', 'EC', 'PE', 'BR']",3.3949326836954246,0.7867090944718838,>50%
1689833788033026,['TR'],3.365100359435609,0.7855519780890579,>50%
1748512664284209,"['MX', 'UY', 'CO', 'CL', 'AR', 'EC', 'PE', 'BR']",3.552739973774411,0.8340703437298803,>50%
1714410483801090,"['BH', 'OM', 'QA', 'JO', 'IQ', 'KW', 'MA', 'LB', 'EG']",3.534860044437444,0.7456107004892097,>50%
1719463946291202,['DE'],0.01,0.9505367116801711,>50%
8660271,['VN'],3.219489890424663,0.7595918195568693,>50%
8777520,"['VN', 'SG']",3.4279779641507204,0.7858654458959689,>50%
1754632545661953,['SE'],0.01,0.8634246442469082,>50%
1694647755331586,['TH'],3.4872974112631976,0.780557435194165,>50%
1766126778793985,['TH'],3.5577548038531708,0.8197652037900165,>50%
1635870,['TH'],3.5917179968870276,0.7735824991580181,>50%
1671849021974534,"['ZA', 'OM', 'BH', 'SA', 'QA', 'JO', 'IQ', 'PK', 'KW', 'EG']",3.548491047561347,0.7753258291958707,>50%
1750097742715922,['MY'],3.5117177845200622,0.8230492373102529,>50%
6970675,"['AU', 'NZ', 'SG']",3.0803993535875147,0.8683149231404654,>50%
1741852457876497,['VN'],3.4535270139387024,0.8417754946816558,>50%
1757803456500738,['IL'],3.529394289702002,0.7401724464134085,>50%
5869200,"['VN', 'AU', 'NZ']",3.492170522085355,0.7564111067036674,>50%
1751009383755810,['MY'],3.511737194314964,0.7442891264912868,>50%
1671869410894854,"['SA', 'OM', 'BH', 'QA', 'JO', 'IQ', 'KW', 'EG', 'LB']",3.415833464633803,0.7577340231217345,>50%
1878712,['TH'],3.4607693266208495,0.7923415090556509,>50%
1769918920119298,['ID'],3.263620514305539,0.7622752797528891,>50%
1672279992480774,['ME'],3.6193555900245857,0.9091402482181526,>50%
1721118889344001,['SE'],3.4330723096455533,0.7375496113334632,>50%
1705177842106369,['ID'],3.482298508107741,0.7639423891723031,>50%
1695648893714433,['TW'],3.5475961236067985,0.8005841655032564,>50%
1743215722225665,['PL'],3.537440417249758,0.7857121058628718,>50%
7161885,['VN'],3.529532865290366,0.8029697331027733,>50%
5583099,"['MY', 'ID']",3.591343330590771,0.7481582388306046,>50%
1737143080896513,['ID'],3.5129768329172375,0.7897401282777801,>50%
1721100289570817,['FR'],0.01,0.9249155153762703,>50%
1764043372560418,['FR'],3.311123829396967,0.7567118255136207,>50%
1695025817369602,['NL'],3.42975477332525,0.8092946958372215,>50%
1738944493137985,['GR'],3.470059218294491,0.776856969220367,>50%
2306691,"['US', 'CA']",3.310983693159212,0.8857197817111009,>50%
1742577894443009,['NO'],3.4645274343263432,0.8146941184608419,>50%
2008658,"['AU', 'NZ', 'SG']",3.294178737377687,0.8040709771183435,>50%
1719206878123010,"['MX', 'CL', 'AR', 'CO', 'PE']",0.01,0.8694029233844851,>50%
1724428408471553,['PK'],3.4796983098268264,0.8270139934460629,>50%
1691911668822018,['PH'],3.3690402222247373,0.8194779373043595,>50%
1687938893060098,['MA'],3.5996939534147327,0.8334087364651219,>50%
1649165497425926,['JP'],3.330425921636885,0.7481784853495171,>50%
3029927,"['GB', 'IE']",0.01,0.7839989357048155,>50%
2855138,"['VN', 'PH']",3.5547640873758164,0.8731449383085051,>50%
1704428186539010,['RO'],3.3956136884161485,0.7651928547339109,>50%
1727747975646209,"['MX', 'UY', 'CL', 'AR', 'CO', 'EC', 'PE', 'BR']",3.4375791942141483,0.7436213354960114,>50%
1760317489089553,['HU'],3.341219983073582,0.7552288121829885,>50%
1724470390768641,"['SA', 'OM', 'BH', 'QA', 'JO', 'IQ', 'KW', 'LB', 'EG']",3.577040599853438,0.7429934722798279,>50%
1714352438792193,"['OM', 'BH', 'QA', 'JO', 'IQ', 'KW', 'MA', 'EG', 'LB']",3.492684842113738,0.760684062103179,>50%
1695538963129346,['MY'],3.418726153559854,0.9139234152633889,>50%
5338213,['JP'],3.448673356663689,0.929087661743842,>50%
7257335,['VN'],3.434601184963295,0.7385791480884452,>50%
2357972,['TH'],3.4659215246251738,0.748656846841946,>50%
1743882944482306,"['MX', 'UY', 'CL', 'AR', 'CO', 'EC', 'PE', 'BR']",3.512382552221785,0.7804073841168058,>50%
1726073812314114,['PH'],3.484160405418703,0.7931465070693776,>50%
7378621,"['US', 'CA']",3.4703614679499992,0.8603963392776326,>50%
1707735763608578,"['MX', 'UY', 'CL', 'AR', 'CO', 'EC', 'PE', 'BR']",3.384342891988454,0.7350638742204839,>50%
1752720282275889,['TH'],3.4872673445899847,0.7884398325979666,>50%
1688583780713474,"['SA', 'BH', 'OM', 'ZA', 'QA', 'PK', 'KW', 'MA', 'EG', 'LB']",3.4213109508529342,0.7600113899013128,>50%
1667575616633862,"['US', 'CA']",3.233356489882633,0.7483571842665833,>50%
1714584045969410,['GB'],3.5165127018485727,0.7425536689650432,>50%
1729275453642754,['IT'],3.3899105258961084,0.7423661191592101,>50%
1746466901267473,['KR'],3.459522638096748,0.7415575341313362,>50%
1734911755347970,"['US', 'CA']",3.3518863479947982,0.7347466171990966,>50%
1691841896401922,['PH'],3.3703141161913748,0.815314697307463,>50%
1736487906247681,['VN'],3.594177935794463,0.7564070948692497,>50%
1695612806451201,['PH'],3.3703451197286913,0.7733606605920322,>50%
1713957111455745,['PT'],3.3664044113334195,0.8222607000660073,>50%
5602973,['DK'],3.34076604706783,0.7505920485770576,>50%
1003316,"['TW', 'KR', 'SG']",3.4927970484105333,0.7797373298630546,>50%
1740557161877506,['MY'],3.350721210597254,0.8057120903803405,>50%
2075587,"['AU', 'NZ', 'SG']",0.01,0.9044185583331497,>50%
1770457600736257,['JP'],3.41352759909213,0.8045139608535391,>50%
7597899,"['MX', 'CL', 'AR', 'CO', 'EC', 'PE', 'BR']",3.618969010378565,0.7698622749472135,>50%
1721013868565506,['TH'],3.5513643440303073,0.8426478356979334,>50%
1668385955785733,"['SA', 'ME']",3.554412831638775,0.815560265819737,>50%
1721716519456770,['VN'],3.4107045658568884,0.8187635758567846,>50%
1703462395747329,"['US', 'CA']",3.426220082843841,0.7455344899175206,>50%
1686044718017537,['TR'],3.4928265694539133,0.8080097933296092,>50%
1747655791775793,['VN'],0.01,0.9505367116801711,>50%
1710346266707970,['PH'],3.475703991816767,0.8007064770198207,>50%
1695576776484866,['GB'],3.29028363620228,0.790059327079204,>50%
1711419041101825,['PH'],3.5270102698446646,0.7981875712308659,>50%
6517798,"['US', 'CA']",3.41978453762268,0.8844015668793486,>50%
1769388556471330,['RO'],3.3771026449029278,0.7894512977771715,>50%
7519665,['VN'],3.484718865598466,0.7924271901790255,>50%
1736487442745345,['ID'],3.411887898742255,0.8137474866779484,>50%
2729373,"['GB', 'PK', 'IE']",3.5297262418518143,0.7649671127523169,>50%
1704427801912322,['RO'],3.540286633468349,0.8388724766959383,>50%
1695030662446081,['ID'],3.4735122338920252,0.7985264681358902,>50%
1732549373538306,"['MX', 'UY', 'CO', 'CL', 'AR', 'EC', 'PE', 'BR']",3.4700846825675007,0.8035248579417251,>50%
5585206,"['GB', 'IE']",0.01,0.7575236995241179,>50%
9082283,"['US', 'CA']",3.492247430202646,0.8663383580844024,>50%
1773554981556242,['IT'],2.9952259707313744,0.7445657088220312,>50%
1695025785616385,['ES'],0.01,0.9121049172243197,>50%
1771651728348161,['PH'],0.01,0.801933773117546,>50%
1707982,"['SA', 'BH', 'OM', 'QA', 'AE', 'DZ', 'JO', 'IQ', 'KW', 'TN', 'MA', 'LB', 'EG']",0.01,0.7566696596473211,>50%
1696368514880514,['ID'],3.3783473534812827,0.7558946130150406,>50%
8003837,['SG'],3.5044150452535234,0.7986074204974113,>50%
1735485343950850,['ID'],3.2459060155174546,0.7858876680591194,>50%
7086019,"['MY', 'ID']",3.407102956774166,0.7551064456996339,>50%
2803125,"['MY', 'ID']",3.4722413336079745,0.7356078843615046,>50%
1768509295170561,"['MX', 'UY', 'CO', 'CL', 'AR', 'EC', 'PE', 'BR']",3.502139529977174,0.7911121321770264,>50%
1717235599448066,"['US', 'CA']",3.424422287482594,0.7706523300529202,>50%
2322011,"['US', 'CA']",3.4655340250023747,0.8944694007947247,>50%
1087262,"['GB', 'IE', 'HU']",0.01,0.8813594816596388,>50%
1657121,"['US', 'CA']",3.506109084828674,0.8698438969222753,>50%
1737390105893889,['MY'],3.5485450514592616,0.9128693211621226,>50%
1749004123327490,['SE'],0.01,0.8685488835076883,>50%
1762598247044114,['HU'],3.491489326515457,0.7666474817905364,>50%
1746474759433249,"['SA', 'BH', 'OM', 'QA', 'JO', 'IQ', 'KW', 'MA', 'LB', 'EG']",3.53818560950772,0.7818898427395204,>50%
1741913061098497,['VN'],3.3780841452807095,0.7818941816185299,>50%
9672999,"['US', 'CA']",3.497704910727784,0.914150287537105,>50%
1680306084527105,['JP'],3.3199389655885128,0.7934200921388443,>50%
1729271917188098,['IT'],3.3886043060145763,0.7355527752898299,>50%
1693811074963458,['KR'],3.3939840608082354,0.7787739029002472,>50%
1561930,"['TW', 'KR', 'MY']",3.479053243104573,0.7481306624412166,>50%
1752090733056018,['PL'],3.2500308721678652,0.7765541002680753,>50%
6301137,"['MY', 'ID']",3.457286132853477,0.779364927565956,>50%
1716460631262210,['TW'],3.461624880692959,0.8086048507987544,>50%
3602129,"['MY', 'ID']",3.327234644432729,0.7499027148868522,>50%
1769302206223410,['ID'],3.4612416562268975,0.7867372355707438,>50%
1694583472313345,['ID'],3.5426510864099097,0.7781239970525453,>50%
6729353,"['US', 'CA']",3.5439298537835002,0.9057680779893774,>50%
2135121,['MY'],3.0503498351841625,0.8032264859215774,>50%
1527988,"['GB', 'LV', 'IE']",3.3914466142527733,0.7421917776250014,>50%
1695155453571073,['IT'],0.01,0.8497600062181611,>50%
1697813860514817,['ID'],3.455373995255425,0.7461373938608313,>50%
1755797122182146,['TH'],3.489069055118247,0.7842264286079064,>50%
1711502592367617,['ES'],0.01,0.8796514019060454,>50%
1714878888865794,"['MX', 'UY', 'CL', 'AR', 'CO', 'EC', 'PE', 'BR']",3.410134448636202,0.842406936000642,>50%
5895016,['TW'],0.01,0.8728190828916718,>50%
1694575955232769,['ID'],3.3909299367607906,0.7863665501043492,>50%
1694571907194881,['ID'],3.4783696365562524,0.793368238133265,>50%
1706345392129025,['DE'],0.01,0.8181605307766833,>50%
2387610,"['US', 'CA']",2.881538812053328,0.7443182513521064,>50%
1735529545413634,['CZ'],3.6037995517510235,0.8486335752883156,>50%
1752092805324913,['TH'],3.487736044059541,0.7852384009326969,>50%
1752174599238690,['PT'],3.490818477435425,0.7893469968609672,>50%
1762880220789809,['TH'],3.4909581131102634,0.7663593006179537,>50%
1695290864139266,['MY'],3.4845308041669294,0.7745576445598625,>50%
9265717,['ID'],3.5463773254794098,0.790652137003185,>50%
1704596569660417,['PH'],3.525270803200465,0.8284760302446438,>50%
1732493776177153,['ID'],3.49240118769041,0.7610114361516015,>50%
1771651756368898,['PH'],3.5641992994309146,0.7663917876997931,>50%
1695769192099842,"['MX', 'UY', 'CL', 'CO', 'AR', 'EC', 'PE', 'BR']",3.3725778416393366,0.7571757425907512,>50%
1731137486777346,['MY'],3.5381475043698942,0.7729773492122624,>50%
1704427801485313,['RO'],3.037463407193832,0.7688682649165143,>50%
1733128229522434,['TW'],3.557847639310562,0.8056273015500591,>50%
1693810073212929,['TH'],3.2715687039025494,0.7892507021656658,>50%
1737385941465090,['MY'],3.463510970671889,0.8596139034788622,>50%
1695526269280257,['MY'],0.01,0.9505367116801711,>50%
6353600,"['US', 'CA']",3.5033307541595455,0.8378572793365006,>50%
1769098122602498,['MY'],3.4796458917461477,0.8140190828575833,>50%
3001689,"['TW', 'KR']",3.500287681800818,0.8161239830810296,>50%
1762949452155938,['BR'],0.01,0.7677721780456783,>50%
1768432749385762,"['MX', 'UY', 'CL', 'AR', 'CO', 'EC', 'PE', 'BR']",3.4820446944846877,0.8811997781776905,>50%
1741279140672513,['VN'],3.560197084488122,0.7364770666214411,>50%
1735486913351682,['PH'],3.564450886847738,0.8250963920188535,>50%
1099005,['VN'],3.402045638867305,0.7423521627691932,>50%
1694572439183362,['ID'],3.2600615280088605,0.7749956318953493,>50%
1752720282276865,['TH'],3.4019977860252113,0.7676753432603045,>50%
7203332,"['US', 'CA']",3.503535958190206,0.844740789171629,>50%
1693578512149506,['VN'],3.4896901128335776,0.7468226270265853,>50%
1749693025818658,['MY'],3.4635304878034106,0.8021718008181744,>50%
1724426873402369,['PK'],3.5941969270175007,0.8164622933160183,>50%
6227566,"['US', 'CA']",3.486743704601909,0.8685338185407739,>50%
1718358,['JP'],3.5263637665529886,0.7499451938003107,>50%
1738944455652353,['CZ'],3.5098597706547117,0.8747360548455518,>50%
1752720527795217,['TH'],3.401850191999449,0.797130083774172,>50%
1739405172999234,['VN'],3.4723424445263307,0.7687590457036335,>50%
2062837,"['US', 'CA']",3.4035650042682284,0.8439004888456633,>50%
1694295343087617,['RO'],3.5470638130385472,0.7929730563920638,>50%
1757052904711169,['PK'],3.499445576151398,0.761666048538793,>50%
1735754088302593,['JP'],3.5069102951487494,0.7690099182054343,>50%
2289168,"['AU', 'NZ', 'SG']",3.5016697482191566,0.827200965988859,>50%
1694617166265346,['TH'],3.489308074679742,0.7707164359516626,>50%
3297271,['OTHER'],0.01,0.8254463492267043,>50%
1711495963719681,['ID'],3.270251253184872,0.8115816829151862,>50%
9310005,['VN'],3.530753761297199,0.745499298921942,>50%
1736488544904194,['ID'],3.5741907193955784,0.8146173556743703,>50%
6230873,['VN'],3.5316376510303247,0.7657587760348833,>50%
1739401620745217,['VN'],3.239559883480499,0.8544253083040235,>50%
7676958,"['AU', 'NZ', 'SG']",3.516921808674642,0.8881565004340097,>50%
3581159,"['KR', 'ID']",3.4706983581615374,0.780741260806974,>50%
5819951,"['GB', 'PK', 'IE']",3.549155604983362,0.8073604821486361,>50%
1726915781909505,"['MX', 'UY', 'CO', 'AR', 'CL', 'EC', 'PE', 'BR']",3.4544200708453903,0.8073029808066629,>50%
1714356224207874,"['OM', 'BH', 'QA', 'JO', 'IQ', 'KW', 'MA', 'LB', 'EG']",3.4064081078098796,0.7754350897412844,>50%
1268890,"['US', 'CA']",3.4840206288228828,0.8881486395540914,>50%
1764236250853426,['FR'],3.4409946191718883,0.8348577766226868,>50%
8521016,"['US', 'CA']",3.420790512358818,0.8072719770143387,>50%
2613990,['JP'],3.2954414225852298,0.9037448576991906,>50%
1915657,['TH'],3.4941637936321737,0.785313100490177,>50%
1737428933735426,['PL'],3.520802449603262,0.7489649847751756,>50%
1705052601354242,['MY'],3.379354914362212,0.8934396491047157,>50%
1729873023284225,['ID'],3.0581721255230034,0.809558557862157,>50%
1676631455688709,['HU'],3.477122170810157,0.7959374193877911,>50%
3071163,"['AU', 'NZ', 'SG']",0.01,0.9206453159922867,>50%
5569930,"['US', 'CA']",3.5261920126595174,0.910507121477041,>50%
1706437607186434,['ID'],3.4735374086082897,0.747074556655616,>50%
1732494092090369,['ID'],3.3894411037825867,0.8058683762767606,>50%
3753607,"['MY', 'SG']",3.266738815329509,0.8070682570476242,>50%
1691845936062466,['PH'],3.3920324891485865,0.7609883527716487,>50%
1729270880862209,['ES'],3.419611532786413,0.8060218529618396,>50%
1770099191136306,['PL'],3.4064434777283634,0.7416445915455598,>50%
1737386135461890,['MY'],3.546621973061812,0.9377792107081694,>50%
1768432749385746,"['MX', 'UY', 'CL', 'CO', 'AR', 'EC', 'PE', 'BR']",3.4346226632260284,0.8076002611537598,>50%
1769313472273410,['SE'],0.01,0.9505367116801711,>50%
1694647574135810,['TH'],3.4869695228640873,0.7981605250423262,>50%
7211760,"['MY', 'SG']",3.433054319053149,0.7627260402021544,>50%
1739949027608577,['PL'],0.01,0.8787973620292486,>50%
1710303068652546,['PH'],3.5366959339516146,0.8442764903928539,>50%
1743478384979986,['FI'],0.01,0.9505367116801711,>50%
1694281660376066,['TR'],3.3546140829090603,0.7774336217181003,>50%
1694737747315714,['TH'],3.274715837840743,0.8598385352971127,>50%
1730993346971650,['RO'],3.3941723868732434,0.8037504244571556,>50%
1772302280493057,['GB'],0.01,0.8728190828916718,>50%
